{"_id":{"$oid":"573874cdcad4a57455872996"},"text":" whatsapp developer offer endtoend encryption nokia phone however user see new display  "}
{"_id":{"$oid":"573874cdcad4a57455872997"},"text":" size 2634 available pick updelivery whatsapp2348091222253 bbm59240cf9 polo 3500 and…  "}
{"_id":{"$oid":"573874cdcad4a57455872998"},"text":" whatsapp number choose perfect profile pic initiate chat …  "}
{"_id":{"$oid":"573874cdcad4a5745587299a"},"text":" whatsapp number choose perfect profile pic initiate chat …  "}
{"_id":{"$oid":"573874cdcad4a574558729a7"},"text":" 🍗🍟 ur squad seem whatsapp shamar group level 1k use find fine tbh seem lit tweet real af tho🏾 👌 "}
{"_id":{"$oid":"573874cdcad4a574558729a8"},"text":" like retweet  "}
{"_id":{"$oid":"573874cdcad4a574558729a9"},"text":" im use whatsapp io add new feature whatsapp  "}
{"_id":{"$oid":"573874cdcad4a574558729ae"},"text":" size 2634 available pick updelivery whatsapp2348091222253 bbm59240cf9 polo 3500 and…  "}
{"_id":{"$oid":"573874cdcad4a574558729af"},"text":" faaaaaaaaaaaaaaaaaam im outchea mfana kunzima manje dm whatsapp 10z sizoringa grand  "}
{"_id":{"$oid":"573874cdcad4a574558729b2"},"text":" im use whatsapp io add new feature whatsapp  "}
{"_id":{"$oid":"573874cdcad4a574558729b8"},"text":" im maddafakka use whatsapp io add new feature whatsapp  "}
{"_id":{"$oid":"573874cdcad4a574558729b9"},"text":" depth amaze  "}
{"_id":{"$oid":"573874cdcad4a574558729bd"},"text":" whatsapp excitement :) :)"}
{"_id":{"$oid":"573874cdcad4a574558729bf"},"text":" omg youre meany 😢 maybe whatsapp well quiet 😕😓  "}
{"_id":{"$oid":"573874cdcad4a574558729c0"},"text":" bare cute  "}
{"_id":{"$oid":"573874cdcad4a574558729c2"},"text":" whatsapp number choose perfect profile pic initiate chat …  "}
{"_id":{"$oid":"573874cecad4a574558729c4"},"text":" delight whatsapp desktop app hate texting like msn back time everyone  "}
{"_id":{"$oid":"573874cecad4a574558729c5"},"text":" size 2634 available pick updelivery whatsapp2348091222253 bbm59240cf9 polo 3500 and…  "}
{"_id":{"$oid":"573874cecad4a574558729c8"},"text":" interested lambeau tour october join whatsapp group chat traveller tweetdm u …  "}
{"_id":{"$oid":"573874cecad4a574558729c9"},"text":" hey call yes particular reason nothing want check whatsapp profile pict…  "}
{"_id":{"$oid":"573874cecad4a574558729ca"},"text":" ready magaluf holiday retweet whatsapp u detail  "}
{"_id":{"$oid":"573874cecad4a574558729cc"},"text":" whatsapp video call feature go live android beta v21681 read  "}
{"_id":{"$oid":"573874cecad4a574558729cf"},"text":" interviewer u experience leadership role group admin whatsapp group xp xp"}
{"_id":{"$oid":"573874cecad4a574558729de"},"text":" watch eurovision today sister oxford via whatsapp ive get ta say show awesome esc  "}
{"_id":{"$oid":"573874cecad4a574558729e1"},"text":" van old school✨ price rm89 size 3645 whatsapp 0193451627 wechat eymanzax  "}
{"_id":{"$oid":"573874cecad4a574558729ed"},"text":" true whatsapp might launch video call feature upcoming update 🤔  "}
{"_id":{"$oid":"573874cecad4a574558729f3"},"text":" gta v cod warfare drive club nfl15 nba live 14 nba 2k14 cod ghost 35€ pídelo por whatsapp 683222957 md h…  "}
{"_id":{"$oid":"573874cecad4a574558729f4"},"text":" gta v cod warfare drive club nfl15 nba live 14 nba 2k14 cod ghost 35€ pídelo por whatsapp 683222957 md h…  "}
{"_id":{"$oid":"573874cecad4a574558729f5"},"text":" gta v cod warfare drive club nfl15 nba live 14 nba 2k14 cod ghost 35€ pídelo por whatsapp 683222957 md h…  "}
{"_id":{"$oid":"573874cecad4a574558729f6"},"text":" gta v cod warfare drive club nfl15 nba live 14 nba 2k14 cod ghost 35€ pídelo por whatsapp 683222957 md h…  "}
{"_id":{"$oid":"573874cecad4a574558729f7"},"text":" gta v cod warfare drive club nfl15 nba live 14 nba 2k14 cod ghost 35€ pídelo por whatsapp 683222957 md h…  "}
{"_id":{"$oid":"573874cecad4a574558729f9"},"text":" gta v cod warfare drive club nfl15 nba live 14 nba 2k14 cod ghost 35€ pídelo por whatsapp 683222957 md h…  "}
{"_id":{"$oid":"573874cecad4a574558729fa"},"text":" gta v cod warfare drive club nfl15 nba live 14 nba 2k14 cod ghost 35€ pídelo por whatsapp 683222957 md h…  "}
{"_id":{"$oid":"573874cecad4a574558729fb"},"text":" gta v cod warfare drive club nfl15 nba live 14 nba 2k14 cod ghost 35€ pídelo por whatsapp 683222957 md h…  "}
{"_id":{"$oid":"573874cecad4a574558729fd"},"text":" gta v cod warfare drive club nfl15 nba live 14 nba 2k14 cod ghost 35€ pídelo por whatsapp 683222957 md h…  "}
{"_id":{"$oid":"573874cecad4a574558729fe"},"text":" gta v cod warfare drive club nfl15 nba live 14 nba 2k14 cod ghost 35€ pídelo por whatsapp 683222957 md h…  "}
{"_id":{"$oid":"573874cecad4a574558729ff"},"text":" gta v cod warfare drive club nfl15 nba live 14 nba 2k14 cod ghost 35€ pídelo por whatsapp 683222957 md h…  "}
{"_id":{"$oid":"573874cecad4a57455872a00"},"text":" gta v cod warfare drive club nfl15 nba live 14 nba 2k14 cod ghost 35€ pídelo por whatsapp 683222957 md h…  "}
{"_id":{"$oid":"573874cecad4a57455872a01"},"text":" gta v cod warfare drive club nfl15 nba live 14 nba 2k14 cod ghost 35€ pídelo por whatsapp 683222957 md h…  "}
{"_id":{"$oid":"573874cecad4a57455872a08"},"text":" interviewer u experience leadership role group admin whatsapp group xp xp"}
{"_id":{"$oid":"573874cecad4a57455872a0b"},"text":" u read mind im ask still use old number u already answer thanks haha😅 whatsapp anything  "}
{"_id":{"$oid":"573874cecad4a57455872a13"},"text":" whatsapp desktop launch document share feature heres use tech time innovation  "}
{"_id":{"$oid":"573874cecad4a57455872a1d"},"text":" aukland dress rm38 rm38 interested please whatsapp 60169284858 fast response sayajual  "}
{"_id":{"$oid":"573874cecad4a57455872a2b"},"text":" hey call yes particular reason nothing want check whatsapp profile pict…  "}
{"_id":{"$oid":"573874cecad4a57455872a37"},"text":" well 👏🏾👏🏾👏🏾  "}
{"_id":{"$oid":"573874cecad4a57455872a3f"},"text":" hey call yes particular reason nothing want check whatsapp profile pict…  "}
{"_id":{"$oid":"573874cecad4a57455872a42"},"text":" ready stock • suede loafer idr 165000 size 3640 order amp info whatsapp 085720037712  "}
{"_id":{"$oid":"573874cecad4a57455872a58"},"text":" im use whatsapp io add new feature whatsapp  "}
{"_id":{"$oid":"573874cecad4a57455872a61"},"text":" ana ma3aky en enty matrodesh 3alaya whatsapp ba mateb2esh beg7a w te3mlely like 3ala instagram  "}
{"_id":{"$oid":"573874cecad4a57455872a64"},"text":" gta v cod warfare drive club nfl15 nba live 14 nba 2k14 cod ghost 35€ pídelo por whatsapp 683222957 md h…  "}
{"_id":{"$oid":"573874cecad4a57455872a65"},"text":" available pick updelivery whatsapp2348091222253 bbm59240cf9 polo 3500…  "}
{"_id":{"$oid":"573874cecad4a57455872a6b"},"text":" facebookowned whatsapp end support blackberry nokia whatsapp  "}
{"_id":{"$oid":"573874cecad4a57455872a7b"},"text":" interviewer u experience leadership role group admin whatsapp group xp xp"}
{"_id":{"$oid":"573874cecad4a57455872a7e"},"text":" ive group english whatsapp free want join u send add 966547343404 وشبتسويبلعطله  "}
{"_id":{"$oid":"573874cecad4a57455872a7f"},"text":" new online tool whatsblockapp 13 easily see someone block whatsapp  "}
{"_id":{"$oid":"573874cecad4a57455872a8e"},"text":" ive group english whatsapp free want join u send add 966547343404 الطلابوالطالبات  "}
{"_id":{"$oid":"573874cecad4a57455872a8f"},"text":" whatsapp number choose perfect profile pic initiate chat …  "}
{"_id":{"$oid":"573874cecad4a57455872a91"},"text":" available pick updelivery whatsapp2348091222253 bbm59240cf9 polo 3500…  "}
{"_id":{"$oid":"573874cecad4a57455872a94"},"text":" whatsapp video call feature go live android beta v21681  "}
{"_id":{"$oid":"573874cecad4a57455872a9d"},"text":" bruh winner  "}
{"_id":{"$oid":"573874cecad4a57455872a9f"},"text":" love quine whatsapp group night oot 😂 "}
{"_id":{"$oid":"573874cecad4a57455872aa0"},"text":" depth amaze  "}
{"_id":{"$oid":"573874cecad4a57455872aa2"},"text":" okay 😂 "}
{"_id":{"$oid":"573874cecad4a57455872aa5"},"text":" available pick updelivery whatsapp2348091222253 bbm59240cf9 polo 3500…  "}
{"_id":{"$oid":"573874cecad4a57455872aa8"},"text":" interviewer u experience leadership role group admin whatsapp group xp xp"}
{"_id":{"$oid":"573874cecad4a57455872aac"},"text":" hai dress rm90 free postage size fit whatsapp📲60179927214 rtniaga …  "}
{"_id":{"$oid":"573874cecad4a57455872aae"},"text":" whatsapp number choose perfect profile pic initiate chat …  "}
{"_id":{"$oid":"573874cecad4a57455872aaf"},"text":" love quine whatsapp group night oot 😂 "}
{"_id":{"$oid":"573874cecad4a57455872ab6"},"text":" hey call yes particular reason nothing want check whatsapp profile pict…  "}
{"_id":{"$oid":"573874cecad4a57455872ab9"},"text":" applique malai silk worth r 1350 book whatsapp call 9831019165  "}
{"_id":{"$oid":"573874cecad4a57455872abf"},"text":" well 👏🏾👏🏾👏🏾  "}
{"_id":{"$oid":"573874cecad4a57455872ac0"},"text":" ihere provide share correct location safely via sms email whatsapp ihere16560  "}
{"_id":{"$oid":"573874cecad4a57455872ac3"},"text":" okay 😂 "}
{"_id":{"$oid":"573874cecad4a57455872ac6"},"text":" okay thank 🏻😁 👌 "}
{"_id":{"$oid":"573874cecad4a57455872ac7"},"text":" okay thank 🏻😁 👌 "}
{"_id":{"$oid":"573874cecad4a57455872ac8"},"text":" available pick updelivery whatsapp2348091222253 bbm59240cf9 polo 3500…  "}
{"_id":{"$oid":"573874cecad4a57455872acb"},"text":" try work  "}
{"_id":{"$oid":"573874cecad4a57455872ad0"},"text":" como ‘limpar’ whatsapp com app magic cleaner whatsapp  "}
{"_id":{"$oid":"573874cecad4a57455872ad3"},"text":" eh wait whatsapp bcause im gon na type long lol  "}
{"_id":{"$oid":"573874cecad4a57455872ad4"},"text":" available pick updelivery whatsapp2348091222253 bbm59240cf9 polo 3500…  "}
{"_id":{"$oid":"573874cecad4a57455872ad5"},"text":" nigerian brother present truth whole truth nothing truth 👇👇👇  "}
{"_id":{"$oid":"573874cecad4a57455872ad7"},"text":" online whatsapp pride also online  "}
{"_id":{"$oid":"573874cecad4a57455872ad8"},"text":" interested lambeau tour october join whatsapp group chat traveller tweetdm u …  "}
{"_id":{"$oid":"573874cecad4a57455872ae3"},"text":" high performance full r generator seotricks domain whatsapp make desktop but…  "}
{"_id":{"$oid":"573874cecad4a57455872ae5"},"text":" available follow nike air force 1 supreme famous price offer…  "}
{"_id":{"$oid":"573874cecad4a57455872ae8"},"text":" ohh lol  "}
{"_id":{"$oid":"573874cecad4a57455872af3"},"text":" dena stage name lowkey snake 00 liner shes cute fierce whatsapp message twitter  "}
{"_id":{"$oid":"573874cecad4a57455872af4"},"text":" whatsapp video call feature go live android beta v21681  "}
{"_id":{"$oid":"573874cecad4a57455872af6"},"text":" sale follow nike air force 1 riccardo tisci sneekers price offer kes 3800 callsms whatsapp :3 :3"}
{"_id":{"$oid":"573874cecad4a57455872afa"},"text":" im use whatsapp io add new feature whatsapp  "}
{"_id":{"$oid":"573874cecad4a57455872afe"},"text":" maybe whatsapp dont know feature phone wont work friend want give mom touchscreen phone  "}
{"_id":{"$oid":"573874cecad4a57455872aff"},"text":" guess granularity make sense — or… hell :) :)"}
{"_id":{"$oid":"573874cecad4a57455872b03"},"text":" looool love mum mann🙆🏾 😂 "}
{"_id":{"$oid":"573874cecad4a57455872b04"},"text":" nice piece  "}
{"_id":{"$oid":"573874cecad4a57455872b0c"},"text":" well 👏🏾👏🏾👏🏾  "}
{"_id":{"$oid":"573874cecad4a57455872b0d"},"text":" whatsapp number choose perfect profile pic initiate chat …  "}
{"_id":{"$oid":"573874cecad4a57455872b0e"},"text":" conductor form whatsapp group let passenger know live location one nice idea  "}
{"_id":{"$oid":"573874cecad4a57455872b19"},"text":" nesas expression tease priceless hahah even tho whatsapp twitter imagine sorry lah nesa 😂 xp xp"}
{"_id":{"$oid":"573874cecad4a57455872b1b"},"text":" ready new jaket varsity curvasud milano forzamilan smswhatsapp 082240941577 bb 25be73ec  "}
{"_id":{"$oid":"573874cfcad4a57455872b27"},"text":" whatsapp number choose perfect profile pic initiate chat …  "}
{"_id":{"$oid":"573874cfcad4a57455872b2a"},"text":" depth amaze  "}
{"_id":{"$oid":"573874cfcad4a57455872b2b"},"text":" wake 300 whatsapp message like 10 new different group ffs  "}
{"_id":{"$oid":"573874cfcad4a57455872b2c"},"text":" whatsapp number choose perfect profile pic initiate chat …  "}
{"_id":{"$oid":"573874cfcad4a57455872b2e"},"text":" time upgrade whatsapp drop support blackberry  "}
{"_id":{"$oid":"573874cfcad4a57455872b30"},"text":" get quick reply whatsapp android here’s whatsapp  "}
{"_id":{"$oid":"573874cfcad4a57455872b37"},"text":" get 100 sure free 3g data pack 2gb every month use whatsapp facebook etc apply referral  "}
{"_id":{"$oid":"573874cfcad4a57455872b3f"},"text":" whatsapp always get busy twitter lit anyway stranger always good amp interesting friends…  "}
{"_id":{"$oid":"573874cfcad4a57455872b44"},"text":" hey call yes particular reason nothing want check whatsapp profile pict…  "}
{"_id":{"$oid":"573874cfcad4a57455872b48"},"text":" ☎️♣️ 447446333907 ♣️☎️ whatsapp london sunday drama dramaparklane best nightout c…  "}
{"_id":{"$oid":"573874cfcad4a57455872b49"},"text":" nigerian brother present truth whole truth nothing truth 👇👇👇  "}
{"_id":{"$oid":"573874cfcad4a57455872b52"},"text":" whatsapp medium exams like  "}
{"_id":{"$oid":"573874cfcad4a57455872b5e"},"text":" wts iphone 5 gold 16gb set rm 900 negotiable pm whatsapp 0104687394 pls retweet …  "}
{"_id":{"$oid":"573874cfcad4a57455872b60"},"text":" whatsapp always get busy twitter lit anyway stranger always good amp interesting friends…  "}
{"_id":{"$oid":"573874cfcad4a57455872b61"},"text":" facebook join whatsapp drop blackberry support blackberry blackberry  "}
{"_id":{"$oid":"573874cfcad4a57455872b62"},"text":" access facebook twitter whatsapp special 25 vyprvpn offer ugandasocialmediashutdown …  "}
{"_id":{"$oid":"573874cfcad4a57455872b65"},"text":" hey call yes particular reason nothing want check whatsapp profile pict…  "}
{"_id":{"$oid":"573874cfcad4a57455872b67"},"text":" whatsapp number choose perfect profile pic initiate chat …  "}
{"_id":{"$oid":"573874cfcad4a57455872b72"},"text":" im opusing whatsapp io add new feature whatsapp  "}
{"_id":{"$oid":"573874cfcad4a57455872b76"},"text":" see innocent coldstone  "}
{"_id":{"$oid":"573874cfcad4a57455872b7a"},"text":" voice note whatsapp life much easy 😴😴😴  "}
{"_id":{"$oid":"573874cfcad4a57455872b7b"},"text":" contact u via email casapedro007com whatsapp 08093913912 affordable rate  "}
{"_id":{"$oid":"573874cfcad4a57455872b7c"},"text":" nigerian brother present truth whole truth nothing truth 👇👇👇  "}
{"_id":{"$oid":"573874cfcad4a57455872b82"},"text":" fly accra new york return low 1150 may 2016 log callwhatsapp 0245701001  "}
{"_id":{"$oid":"573874cfcad4a57455872b84"},"text":" whatsapp always get busy twitter lit anyway stranger always good amp interesting friends…  "}
{"_id":{"$oid":"573874cfcad4a57455872b8f"},"text":" whatsapp number choose perfect profile pic initiate chat …  "}
{"_id":{"$oid":"573874cfcad4a57455872b92"},"text":" lol whatsapp  "}
{"_id":{"$oid":"573874cfcad4a57455872b9e"},"text":" crow aint loyal end watch order open design smswhatsapp 03320949436 ;) ;)"}
{"_id":{"$oid":"573874cfcad4a57455872ba4"},"text":" ghana find whatsapp main socialmedia look  "}
{"_id":{"$oid":"573874cfcad4a57455872bb7"},"text":" lol make 102 lol  "}
{"_id":{"$oid":"573874cfcad4a57455872bb8"},"text":" make pick callwhatsapp 08033501643 order kindly  "}
{"_id":{"$oid":"573874cfcad4a57455872bb9"},"text":" im use whatsapp io add new feature whatsapp  "}
{"_id":{"$oid":"573874cfcad4a57455872bbc"},"text":" try enter whatsapp stylishly mood  "}
{"_id":{"$oid":"573874cfcad4a57455872bbd"},"text":" variety callwhatsapp 08033501643 order kindly :-) :-)"}
{"_id":{"$oid":"573874cfcad4a57455872bbf"},"text":" whatsapp number choose perfect profile pic initiate chat …  "}
{"_id":{"$oid":"573874cfcad4a57455872bca"},"text":" im use whatsapp io add new feature whatsappا  "}
{"_id":{"$oid":"573874cfcad4a57455872bd4"},"text":" love quine whatsapp group night oot 😂 "}
{"_id":{"$oid":"573874cfcad4a57455872bd6"},"text":" whatsapp message decrypt rest device message intercept transit full decrypt  "}
{"_id":{"$oid":"573874cfcad4a57455872bd7"},"text":" im use whatsapp io add new feature whatsapp  "}
{"_id":{"$oid":"573874cfcad4a57455872bda"},"text":" didnt omg rmb yall want plan outing like age ago didnt whatsapp haha  "}
{"_id":{"$oid":"573874cfcad4a57455872bdc"},"text":" whatsapp desktop app available window mac whatsapp  "}
{"_id":{"$oid":"573874cfcad4a57455872bde"},"text":" hack facebook whatsapp signal track 4glte smartphone’s precise location  "}
{"_id":{"$oid":"573874cfcad4a57455872beb"},"text":" im still try delete thing free space open whatsapp 😩 😭 "}
{"_id":{"$oid":"573874cfcad4a57455872bed"},"text":" whatsapp web iphone available use tip  "}
{"_id":{"$oid":"573874cfcad4a57455872bef"},"text":" whatsapp number choose perfect profile pic initiate chat …  "}
{"_id":{"$oid":"573874cfcad4a57455872bf0"},"text":" ❤️these hint tip wait give go genius newstuff techgeek whatsapp  "}
{"_id":{"$oid":"573874cfcad4a57455872bf1"},"text":" contact u via email casapedro007com whatsapp 08093913912 affordable rate …  "}
{"_id":{"$oid":"573874cfcad4a57455872bf5"},"text":" whatsapp 07513259853 message insta price picsvids please dont message general chat …  "}
{"_id":{"$oid":"573874cfcad4a57455872bf6"},"text":" hahahah okay okay mind give yr whatsapp number😁  "}
{"_id":{"$oid":"573874cfcad4a57455872bf8"},"text":" android android user quick way access important whatsapp chat operatingsystems  "}
{"_id":{"$oid":"573874cfcad4a57455872bfb"},"text":" whatsapp number choose perfect profile pic initiate chat …  "}
{"_id":{"$oid":"573874cfcad4a57455872bfc"},"text":" im use whatsapp io add new feature whatsapp  "}
{"_id":{"$oid":"573874cfcad4a57455872c00"},"text":" lmao deep  "}
{"_id":{"$oid":"573874cfcad4a57455872c03"},"text":" best happy father day 2016 hd image picture wallpaper whatsapp status hindi *) *)"}
{"_id":{"$oid":"573874cfcad4a57455872c07"},"text":" nigerian brother present truth whole truth nothing truth 👇👇👇  "}
{"_id":{"$oid":"573874cfcad4a57455872c08"},"text":" true  "}
{"_id":{"$oid":"573874cfcad4a57455872c0c"},"text":" grab run man tshirt amp cute sock 100 original korea ✨ whatsapp 60179748984 order 🙆pls … 💋 "}
{"_id":{"$oid":"573874cfcad4a57455872c0d"},"text":" android app android user quick way access important whatsapp chat iphone ipad  "}
{"_id":{"$oid":"573874cfcad4a57455872c10"},"text":" 7 rule happy never hate don’t worry live simple expect little give lot always smile friend like steal whatsapp xp xp"}
{"_id":{"$oid":"573874cfcad4a57455872c13"},"text":" 9 many contact block whatsappmessaging app  "}
{"_id":{"$oid":"573874cfcad4a57455872c18"},"text":" im use whatsapp io add new feature whatsapp  "}
{"_id":{"$oid":"573874cfcad4a57455872c1b"},"text":" android app android user quick way access important whatsapp chat iphone ipad  "}
{"_id":{"$oid":"573874cfcad4a57455872c1c"},"text":" android app android user quick way access important whatsapp chat iphone ipad  "}
{"_id":{"$oid":"573874cfcad4a57455872c1d"},"text":" android app android user quick way access important whatsapp chat iphone ipad  "}
{"_id":{"$oid":"573874cfcad4a57455872c1e"},"text":" android app android user quick way access important whatsapp chat iphone ipad  "}
{"_id":{"$oid":"573874cfcad4a57455872c1f"},"text":" android app android user quick way access important whatsapp chat iphone ipad  "}
{"_id":{"$oid":"573874cfcad4a57455872c21"},"text":" ☎️♣️ 447446333907 ♣️☎️ whatsapp london sunday drama dramaparklane best nightout c…  "}
{"_id":{"$oid":"573874cfcad4a57455872c24"},"text":" beautiful collection german silver necklace book startedmail sarangibysoumyacom whatsapp  "}
{"_id":{"$oid":"573874cfcad4a57455872c25"},"text":" call malaysian srkians come join family whatsapp group share ur passion u srk …  "}
{"_id":{"$oid":"573874cfcad4a57455872c2c"},"text":" whatsapp pc free download computer window xp vista 7 8 8) xp 8) xp"}
{"_id":{"$oid":"573874cfcad4a57455872c34"},"text":" twitter dont whatsapp blue check favillo pa tu casa personaje think beautiful  "}
{"_id":{"$oid":"573874cfcad4a57455872c40"},"text":" twitter dont whatsapp blue check favillo pa tu casa personaje think beautiful  "}
{"_id":{"$oid":"573874cfcad4a57455872c41"},"text":" dah tanya khabar parent dah pergilah luang masa sikit messagewhatsappcall know u read salammaghrib :) :)"}
{"_id":{"$oid":"573874cfcad4a57455872c42"},"text":" twitter dont whatsapp blue check favillo pa tu casa personaje think beautiful  "}
{"_id":{"$oid":"573874cfcad4a57455872c44"},"text":" teach mum use whatsapp far shes send sister emojis doesnt understand 😂 "}
{"_id":{"$oid":"573874cfcad4a57455872c4b"},"text":" whatsapp roll may introduce video call soon okay  "}
{"_id":{"$oid":"573874cfcad4a57455872c4c"},"text":" im pretty sure god smile prayer today always pray friend today find mention whatsapp group  "}
{"_id":{"$oid":"573874cfcad4a57455872c4d"},"text":" hmm best read write month god bless  "}
{"_id":{"$oid":"573874cfcad4a57455872c50"},"text":" well 👏🏾👏🏾👏🏾  "}
{"_id":{"$oid":"573874cfcad4a57455872c56"},"text":" whatsapp i´ll give number direct message  "}
{"_id":{"$oid":"573874cfcad4a57455872c57"},"text":" whatsapp i´ll give number direct message  "}
{"_id":{"$oid":"573874cfcad4a57455872c58"},"text":" interviewer u experience leadership role group admin whatsapp group xp xp"}
{"_id":{"$oid":"573874cfcad4a57455872c61"},"text":" babeeee ive proposal make interested nak whatsapp  "}
{"_id":{"$oid":"573874cfcad4a57455872c66"},"text":" tweet bot sm whatsapp bbm dm ;) ;)"}
{"_id":{"$oid":"573874cfcad4a57455872c67"},"text":" whatsapp brazil – whatsapp block brazil full story whatsapp block apps  "}
{"_id":{"$oid":"573874cfcad4a57455872c68"},"text":" whatsapp brazil – whatsapp block brazil full story whatsapp block apps  "}
{"_id":{"$oid":"573874cfcad4a57455872c69"},"text":" whatsapp brazil – whatsapp block brazil full story whatsapp block apps  "}
{"_id":{"$oid":"573874cfcad4a57455872c6a"},"text":" whatsapp brazil – whatsapp block brazil full story whatsapp block apps  "}
{"_id":{"$oid":"573874cfcad4a57455872c6b"},"text":" whatsapp brazil – whatsapp block brazil full story whatsapp block apps  "}
{"_id":{"$oid":"573874cfcad4a57455872c6c"},"text":" im use whatsapp io add new feature whatsapp  "}
{"_id":{"$oid":"573874cfcad4a57455872c6d"},"text":" im use whatsapp io add new feature whatsapp  "}
{"_id":{"$oid":"573874cfcad4a57455872c6f"},"text":" good  "}
{"_id":{"$oid":"573874cfcad4a57455872c70"},"text":" 😀😁 people paint face 500k well go bkom face painter 😂 "}
{"_id":{"$oid":"573874cfcad4a57455872c72"},"text":" dah tanya khabar parent dah pergilah luang masa sikit messagewhatsappcall know u read … :) :)"}
{"_id":{"$oid":"573874cfcad4a57455872c73"},"text":" get ta love whatsapp family group chat 😂 "}
{"_id":{"$oid":"573874cfcad4a57455872c78"},"text":" mira whatsapp lmao  "}
{"_id":{"$oid":"573874cfcad4a57455872c7c"},"text":" whatsapp number choose perfect profile pic initiate chat …  "}
{"_id":{"$oid":"573874cfcad4a57455872c7e"},"text":" get quick reply whatsapp android here’s  "}
{"_id":{"$oid":"573874cfcad4a57455872c80"},"text":" nigerian brother present truth whole truth nothing truth 👇👇👇  "}
{"_id":{"$oid":"573874cfcad4a57455872c81"},"text":" like whatsapp  "}
{"_id":{"$oid":"573874cfcad4a57455872c85"},"text":" twitter dont whatsapp blue check favillo pa tu casa personaje think beautiful  "}
{"_id":{"$oid":"573874cfcad4a57455872c87"},"text":" really dont understand remove add whatsapp group remove moment ago  "}
{"_id":{"$oid":"573874cfcad4a57455872c8b"},"text":" love look get look callwhatsapp09084900178 ffw u ig email  "}
{"_id":{"$oid":"573874cfcad4a57455872c8f"},"text":" im use whatsapp io add new feature whatsapp  "}
{"_id":{"$oid":"573874cfcad4a57455872c92"},"text":" free app mac desktopchat whatsapp pixel paw desktopchat whatsapp mac osx use itunes iapp  "}
{"_id":{"$oid":"573874cfcad4a57455872c95"},"text":" couple laugh get know dm go whatsapp number  "}
{"_id":{"$oid":"573874cfcad4a57455872c96"},"text":" android user quick way access important whatsapp chat facebook android app go  "}
{"_id":{"$oid":"573874cfcad4a57455872c97"},"text":" whatsapp number choose perfect profile pic initiate chat …  "}
{"_id":{"$oid":"573874cfcad4a57455872c9a"},"text":" couple laugh get know dm go whatsapp number  "}
{"_id":{"$oid":"573874cfcad4a57455872c9d"},"text":" whatsapp number choose perfect profile pic initiate chat …  "}
{"_id":{"$oid":"573874cfcad4a57455872c9e"},"text":" ☎️♣️ 447446333907 ♣️☎️ whatsapp london sunday drama dramaparklane best nightout c…  "}
{"_id":{"$oid":"573874cfcad4a57455872ca1"},"text":" dah tanya khabar parent dah pergilah luang masa sikit messagewhatsappcall know u read … :) :)"}
{"_id":{"$oid":"573874cfcad4a57455872ca3"},"text":" dont know coldstone taste like 😩 "}
{"_id":{"$oid":"573874cfcad4a57455872ca5"},"text":" interviewer u experience leadership role group admin whatsapp group xp xp"}
{"_id":{"$oid":"573874cfcad4a57455872ca6"},"text":" dont whatsapp anymore remember u say friday something happen say didnt care well happend  "}
{"_id":{"$oid":"573874cfcad4a57455872ca7"},"text":" wow whatsapps share location would trick much easy  "}
{"_id":{"$oid":"573874cfcad4a57455872ca8"},"text":" absolutely right  "}
{"_id":{"$oid":"573874cfcad4a57455872caa"},"text":" twitter dont whatsapp blue check favillo pa tu casa personaje think beautiful  "}
{"_id":{"$oid":"573874cfcad4a57455872cb6"},"text":" whatsapp brazil – whatsapp block brazil full story whatsapp block brazil then… apps  "}
{"_id":{"$oid":"573874cfcad4a57455872cb7"},"text":" whatsapp brazil – whatsapp block brazil full story whatsapp block brazil then… apps  "}
{"_id":{"$oid":"573874cfcad4a57455872cb8"},"text":" whatsapp brazil – whatsapp block brazil full story whatsapp block brazil then… apps  "}
{"_id":{"$oid":"573874cfcad4a57455872cb9"},"text":" whatsapp brazil – whatsapp block brazil full story whatsapp block brazil then… apps  "}
{"_id":{"$oid":"573874cfcad4a57455872cba"},"text":" whatsapp brazil – whatsapp block brazil full story whatsapp block brazil then… apps  "}
{"_id":{"$oid":"573874cfcad4a57455872cbb"},"text":" whatsapp brazil – whatsapp block brazil full story whatsapp block brazil then… apps  "}
{"_id":{"$oid":"573874cfcad4a57455872cbc"},"text":" whatsapp brazil – whatsapp block brazil full story whatsapp block brazil then… apps  "}
{"_id":{"$oid":"573874d0cad4a57455872cc2"},"text":" whatsapp brazil – whatsapp block brazil full story whatsapp block brazil then… apps  "}
{"_id":{"$oid":"573874d0cad4a57455872cc3"},"text":" whatsapp brazil – whatsapp block brazil full story whatsapp block brazil then… apps  "}
{"_id":{"$oid":"573874d0cad4a57455872cc5"},"text":" whatsapp brazil – whatsapp block brazil full story whatsapp block brazil then… apps  "}
{"_id":{"$oid":"573874d0cad4a57455872cc6"},"text":" whatsapp brazil – whatsapp block brazil full story whatsapp block brazil then… apps  "}
{"_id":{"$oid":"573874d0cad4a57455872cc7"},"text":" whatsapp brazil – whatsapp block brazil full story whatsapp block brazil then… apps  "}
{"_id":{"$oid":"573874d0cad4a57455872cc8"},"text":" whatsapp brazil – whatsapp block brazil full story whatsapp block brazil then… apps  "}
{"_id":{"$oid":"573874d0cad4a57455872ccd"},"text":" fun game someone suggest whatsapp group 😩 "}
{"_id":{"$oid":"573874d0cad4a57455872cd1"},"text":" 9 many contact block whatsappmessaging app none get 5 mute tho  "}
{"_id":{"$oid":"573874d0cad4a57455872cd5"},"text":" twitter dont whatsapp blue check favillo pa tu casa personaje think beautiful  "}
{"_id":{"$oid":"573874d0cad4a57455872cd9"},"text":" accord encrypt whatsapp message read clear  "}
{"_id":{"$oid":"573874d0cad4a57455872cda"},"text":" hey call yes particular reason nothing want check whatsapp profile pict…  "}
{"_id":{"$oid":"573874d0cad4a57455872ce1"},"text":" android user quick way access important whatsapp chat youre android go  "}
{"_id":{"$oid":"573874d0cad4a57455872ce5"},"text":" u love clexa alycia eliza lindsey u bore join  "}
{"_id":{"$oid":"573874d0cad4a57455872ce7"},"text":" u love clexa alycia eliza lindsey u bore join 🙄  "}
{"_id":{"$oid":"573874d0cad4a57455872ceb"},"text":" llmao wtf naw bald lightskin chick look like whatsapp emotion ☝☝  "}
{"_id":{"$oid":"573874d0cad4a57455872cef"},"text":" bare cute  "}
{"_id":{"$oid":"573874d0cad4a57455872cf0"},"text":" u love clexa alycia eliza lindsey u bore join 🙄🙄  "}
{"_id":{"$oid":"573874d0cad4a57455872cf1"},"text":" 󾁇 u e r 2 0 1 6 󾁇 new collection clear white ‼️‼️‼️ per info amp spedizioni 󾔏 whatsapp 3271682018 󾔏  "}
{"_id":{"$oid":"573874d0cad4a57455872cf7"},"text":" u love clexa alycia eliza lindsey u bore join😳😳  "}
{"_id":{"$oid":"573874d0cad4a57455872cf8"},"text":" couple laugh get know dm go whatsapp number  "}
{"_id":{"$oid":"573874d0cad4a57455872cfb"},"text":" whatsapp number choose perfect profile pic initiate chat …  "}
{"_id":{"$oid":"573874d0cad4a57455872d02"},"text":" barely talk message im wonder many girl actually talk whatsapp haha wtv youre even mine  "}
{"_id":{"$oid":"573874d0cad4a57455872d03"},"text":" waterless car wash beirut1rst wash free via whatsapp 81 779 767  "}
{"_id":{"$oid":"573874d0cad4a57455872d04"},"text":" u love clexa alycia eliza lindsey u bore join 😫💐  "}
{"_id":{"$oid":"573874d0cad4a57455872d07"},"text":" couple laugh get know dm go whatsapp number  "}
{"_id":{"$oid":"573874d0cad4a57455872d09"},"text":" u love clexa alycia eliza lindsey u bore join 😫😀  "}
{"_id":{"$oid":"573874d0cad4a57455872d0a"},"text":" ready stock • tstripe suede loafer idr 165000 size 3640 order amp info whatsapp 085720037712  "}
{"_id":{"$oid":"573874d0cad4a57455872d0c"},"text":" whatsapp number choose perfect profile pic initiate chat …  "}
{"_id":{"$oid":"573874d0cad4a57455872d0d"},"text":" listas vip new garamond madrid listas reservados acceso vip 630 880 984 whatsapp listasvip  "}
{"_id":{"$oid":"573874d0cad4a57455872d0f"},"text":" whatsapp native desktop app window mac arrive check news computer tech free …  "}
{"_id":{"$oid":"573874d0cad4a57455872d10"},"text":" u love clexa alycia eliza lindsey u bore join 😘 "}
{"_id":{"$oid":"573874d0cad4a57455872d13"},"text":" im use whatsapp io add new feature whatsappً  "}
{"_id":{"$oid":"573874d0cad4a57455872d17"},"text":" whatsapp number choose perfect profile pic initiate chat …  "}
{"_id":{"$oid":"573874d0cad4a57455872d1b"},"text":" waow waow make whole lot sense  "}
{"_id":{"$oid":"573874d0cad4a57455872d21"},"text":" u tweet around u cant read whatsapp message important  "}
{"_id":{"$oid":"573874d0cad4a57455872d22"},"text":" nigerian brother present truth whole truth nothing truth 👇👇👇  "}
{"_id":{"$oid":"573874d0cad4a57455872d28"},"text":" llmao wtf naw bald lightskin chick look like whatsapp emotion ☝☝  "}
{"_id":{"$oid":"573874d0cad4a57455872d2d"},"text":" love whatsapp gc thanks kick yet ily bea carmen shanna coachella dena fyera zie whoever 💕  "}
{"_id":{"$oid":"573874d0cad4a57455872d2e"},"text":" mum clean car wish come across many secret bait oclock jellal family whatsapp  "}
{"_id":{"$oid":"573874d0cad4a57455872d2f"},"text":" mum clean car wish come across many secret bait oclock jella…  "}
{"_id":{"$oid":"573874d0cad4a57455872d30"},"text":" mum clean car wish come across many secret bait oclock jella…  "}
{"_id":{"$oid":"573874d0cad4a57455872d34"},"text":" whatsapp number choose perfect profile pic initiate chat …  "}
{"_id":{"$oid":"573874d0cad4a57455872d38"},"text":" whatsapp android eliminates video call option come new update beta version whatsapp  "}
{"_id":{"$oid":"573874d0cad4a57455872d39"},"text":" love whatsapp gc thanks kick yet ily bea carmen shanna coachella dena fyera zie whoever 💕  "}
{"_id":{"$oid":"573874d0cad4a57455872d3a"},"text":" look best price solar product buy solar never easy gosolar whatsapp  "}
{"_id":{"$oid":"573874d0cad4a57455872d3b"},"text":" whatsapp always get busy twitter lit anyway stranger always good amp interesting friends…  "}
{"_id":{"$oid":"573874d0cad4a57455872d3e"},"text":" cant agree unless show empirical evidence actually happen  "}
{"_id":{"$oid":"573874d0cad4a57455872d45"},"text":" couple laugh get know dm go whatsapp number  "}
{"_id":{"$oid":"573874d0cad4a57455872d46"},"text":" wow whatsapps share location would trick much easy  "}
{"_id":{"$oid":"573874d0cad4a57455872d48"},"text":" android user quick way access important whatsapp chat  "}
{"_id":{"$oid":"573874d0cad4a57455872d4a"},"text":" remember something youre european gal well right mean theres possibility whatsapp 😀  "}
{"_id":{"$oid":"573874d0cad4a57455872d4b"},"text":" access facebook twitter whatsapp special 25 vyprvpn offer ugandasocialmediashutdown …  "}
{"_id":{"$oid":"573874d0cad4a57455872d4c"},"text":" bikini sexy girl whatsapp :) :)"}
{"_id":{"$oid":"573874d0cad4a57455872d55"},"text":" apology kindly chat via whatsapp 2348178924632 resolve  "}
{"_id":{"$oid":"573874d0cad4a57455872d56"},"text":" 💘 ready stock sale 💘 👙 👙 🎀 idr 349000 ➡️ idr 279200 🎀 💬order via whatsapp…  "}
{"_id":{"$oid":"573874d0cad4a57455872d5f"},"text":" android user quick way access important whatsapp chat youre android go  "}
{"_id":{"$oid":"573874d0cad4a57455872d62"},"text":" im use whatsapp io add new feature whatsapp  "}
{"_id":{"$oid":"573874d0cad4a57455872d63"},"text":" wow whatsapps share location would trick much easy  "}
{"_id":{"$oid":"573874d0cad4a57455872d65"},"text":" tech use whatsapp facebook messenger ubuntu linux use great tool socialmedia tech  "}
{"_id":{"$oid":"573874d0cad4a57455872d66"},"text":" wow nice elegance price cheap cheap rm20 order whatsapp 0133280493…  "}
{"_id":{"$oid":"573874d0cad4a57455872d68"},"text":" hahaha boys ibiza kev check whatsapp brotherrr  "}
{"_id":{"$oid":"573874d0cad4a57455872d6e"},"text":" true true  "}
{"_id":{"$oid":"573874d0cad4a57455872d6f"},"text":" dah tanya khabar parent dah pergilah luang masa sikit messagewhatsappcall know u read … :) :)"}
{"_id":{"$oid":"573874d0cad4a57455872d75"},"text":" debbys dubai escort company gentleman exquisite taste 6281 2377 87378 whatsapp  "}
{"_id":{"$oid":"573874d0cad4a57455872d76"},"text":" teach mum use whatsapp far shes send sister emojis doesnt understand … 😂 "}
{"_id":{"$oid":"573874d0cad4a57455872d77"},"text":" im use whatsapp io add new feature whatsapp  "}
{"_id":{"$oid":"573874d0cad4a57455872d79"},"text":" whatsapp number choose perfect profile pic initiate chat …  "}
{"_id":{"$oid":"573874d0cad4a57455872d7b"},"text":" live come check whatsapp 0982138948 su mensaje  "}
{"_id":{"$oid":"573874d0cad4a57455872d7d"},"text":" online whatsapp pride also online  "}
{"_id":{"$oid":"573874d0cad4a57455872d84"},"text":" hey call yes particular reason nothing want check whatsapp profile pict…  "}
{"_id":{"$oid":"573874d0cad4a57455872d85"},"text":" whatsapp brazil – whatsapp block brazil full story whatsapp block apps  "}
{"_id":{"$oid":"573874d0cad4a57455872d86"},"text":" online whatsapp pride also online  "}
{"_id":{"$oid":"573874d0cad4a57455872d88"},"text":" open whatsapp receive bad news old friend tabahlah aida youre good soul  "}
{"_id":{"$oid":"573874d0cad4a57455872d89"},"text":" im use whatsapp io add new feature whatsapp  "}
{"_id":{"$oid":"573874d0cad4a57455872d8a"},"text":" hmm best read write month god bless  "}
{"_id":{"$oid":"573874d0cad4a57455872d8f"},"text":" u love clexa alycia eliza lindsey u bore join 😫😀  "}
{"_id":{"$oid":"573874d0cad4a57455872d93"},"text":" whatsapp number choose perfect profile pic initiate chat …  "}
{"_id":{"$oid":"573874d0cad4a57455872d97"},"text":" whatsapp number choose perfect profile pic initiate chat …  "}
{"_id":{"$oid":"573874d0cad4a57455872d9a"},"text":" ana ma3aky en enty matrodesh 3alaya whatsapp ba mateb2esh beg7a w te3mlely like 3ala instagram  "}
{"_id":{"$oid":"573874d0cad4a57455872d9f"},"text":" apt  "}
{"_id":{"$oid":"573874d0cad4a57455872da7"},"text":" whatsapp always get busy twitter lit anyway stranger always good amp interesting friends…  "}
{"_id":{"$oid":"573874d0cad4a57455872da8"},"text":" propose style english love u indian prem hogaya hai apse pakistani ap whatsapp use karti hu 😂 "}
{"_id":{"$oid":"573874d0cad4a57455872da9"},"text":" oh someone hasnt clearly check whatsapp ╮”╭  "}
{"_id":{"$oid":"573874d0cad4a57455872daa"},"text":" tech use whatsapp facebook messenger ubuntu linux use great tool socialmedia tech  "}
{"_id":{"$oid":"573874d0cad4a57455872dac"},"text":" u want join ⬇️ best group chat 💁🏼 clexa 🕯 whatsapp 🔋 ➡️ dm ⬅️  "}
{"_id":{"$oid":"573874d0cad4a57455872db0"},"text":" happy marriage long conversation always seem short callwhatsapp u 90389806739874373842  "}
{"_id":{"$oid":"573874d0cad4a57455872db4"},"text":" whatsapp number choose perfect profile pic initiate chat …  "}
{"_id":{"$oid":"573874d0cad4a57455872db8"},"text":" whilst youre please make leave group anonymous need announce everyone like …  "}
{"_id":{"$oid":"573874d0cad4a57455872db9"},"text":" whatsapp number choose perfect profile pic initiate chat …  "}
{"_id":{"$oid":"573874d0cad4a57455872dbb"},"text":" enjoy top dubai escort sensual dubaiescorts date 6281237787378 whatsapp  "}
{"_id":{"$oid":"573874d0cad4a57455872dbd"},"text":" whatsapp end support blackberry platform whatsapp  "}
{"_id":{"$oid":"573874d0cad4a57455872dc0"},"text":" couple laugh get know dm go whatsapp number  "}
{"_id":{"$oid":"573874d0cad4a57455872dc2"},"text":" berminat whatsapp 6 014 509 2667 ray like facebook page kami…  "}
{"_id":{"$oid":"573874d0cad4a57455872dc4"},"text":" whatsapp number choose perfect profile pic initiate chat …  "}
{"_id":{"$oid":"573874d0cad4a57455872dc8"},"text":" interviewer u experience leadership role group admin whatsapp group xp xp"}
{"_id":{"$oid":"573874d0cad4a57455872dca"},"text":" get connect philippine teleserye official fanpage social medium platform whatsapp group  "}
{"_id":{"$oid":"573874d0cad4a57455872dcc"},"text":" whatsapp end support blackberry platform whatsapp whatsapp  "}
{"_id":{"$oid":"573874d0cad4a57455872dd0"},"text":" whatsapp always get busy twitter lit anyway stranger always good amp interesting friends…  "}
{"_id":{"$oid":"573874d0cad4a57455872dd2"},"text":" like page taslima whatsapp number  "}
{"_id":{"$oid":"573874d0cad4a57455872dd5"},"text":" twitter dont whatsapp blue check favillo pa tu casa personaje think beautiful  "}
{"_id":{"$oid":"573874d0cad4a57455872ddb"},"text":" listas vip new garamond madrid listas reservados acceso vip 630 880 984 whatsapp listasvip  "}
{"_id":{"$oid":"573874d0cad4a57455872ddc"},"text":" hey call yes particular reason nothing want check whatsapp profile pict…  "}
{"_id":{"$oid":"573874d0cad4a57455872ddd"},"text":" lol youre troll whatsapp good dont want hear either  "}
{"_id":{"$oid":"573874d0cad4a57455872de6"},"text":" angola chic trendy lifestyle extravagant fashionable shoe encomendas e reservas whatsapp e viber  "}
{"_id":{"$oid":"573874d0cad4a57455872deb"},"text":" ltbgtandroidltbgt user quick way access important whatsapp… android  "}
{"_id":{"$oid":"573874d0cad4a57455872dec"},"text":" whatsapp gril group full mol  "}
{"_id":{"$oid":"573874d0cad4a57455872ded"},"text":" brighter note wake whatsapp message girl rishta inter commerce office boy brother  "}
{"_id":{"$oid":"573874d0cad4a57455872dee"},"text":" twitter dont whatsapp blue check favillo pa tu casa personaje think beautiful  "}
{"_id":{"$oid":"573874d0cad4a57455872df0"},"text":" spanish people live without whatsapp  "}
{"_id":{"$oid":"573874d0cad4a57455872df1"},"text":" angola chic trendy lifestyle extravagant fashionable shoe encomendas e reservas whatsapp e viber  "}
{"_id":{"$oid":"573874d0cad4a57455872df2"},"text":" best whatsapp video funny videos1 via  "}
{"_id":{"$oid":"573874d0cad4a57455872df4"},"text":" angola chic trendy lifestyle extravagant fashionable shoe encomendas e reservas whatsapp e viber  "}
{"_id":{"$oid":"573874d0cad4a57455872df5"},"text":" erica charm dubai escort girl 4 naughty fun 6281 2377 87378 whatsapp …  "}
{"_id":{"$oid":"573874d0cad4a57455872df6"},"text":" explain feeling jb ap important bndy sy bat kr rhy hun use … — whatsapp kr detta ho k arrow gum gaya xd xp xp"}
{"_id":{"$oid":"573874d0cad4a57455872dfc"},"text":" whatsapp number choose perfect profile pic initiate chat …  "}
{"_id":{"$oid":"573874d0cad4a57455872e03"},"text":" access facebook twitter whatsapp special 25 vyprvpn offer ugandasocialmediashutdown …  "}
{"_id":{"$oid":"573874d0cad4a57455872e05"},"text":" twitter dont whatsapp blue check favillo pa tu casa personaje think beautiful  "}
{"_id":{"$oid":"573874d0cad4a57455872e06"},"text":" happy birthday may allah grant long healthy life aameen  "}
{"_id":{"$oid":"573874d0cad4a57455872e08"},"text":" couple laugh get know dm go whatsapp number  "}
{"_id":{"$oid":"573874d0cad4a57455872e0c"},"text":" whatsapp number choose perfect profile pic initiate chat …  "}
{"_id":{"$oid":"573874d0cad4a57455872e0f"},"text":" bhai make whatsapp group thats ok  "}
{"_id":{"$oid":"573874d0cad4a57455872e16"},"text":" 10 interesting fact whatsapp would love know  "}
{"_id":{"$oid":"573874d0cad4a57455872e37"},"text":" twitter dont whatsapp blue check favillo pa tu casa personaje think beautiful  "}
{"_id":{"$oid":"573874d0cad4a57455872e3a"},"text":" brighter note wake whatsapp message girl rishta inter commerce office boy brother  "}
{"_id":{"$oid":"573874d0cad4a57455872e3c"},"text":" uk hospitality professional invitedpls update number part whatsapp groupwhich help u long run  "}
{"_id":{"$oid":"573874d0cad4a57455872e3e"},"text":" twitter dont whatsapp blue check favillo pa tu casa personaje think beautiful  "}
{"_id":{"$oid":"573874d0cad4a57455872e41"},"text":" dah tanya khabar parent dah pergilah luang masa sikit messagewhatsappcall know u read … :) :)"}
{"_id":{"$oid":"573874d0cad4a57455872e42"},"text":" berry nice whatsapp whatsapp  "}
{"_id":{"$oid":"573874d0cad4a57455872e44"},"text":" dadi want sub dad dont one next day dad help search sermon grace forward whatsapp  "}
{"_id":{"$oid":"573874d0cad4a57455872e45"},"text":" goa bjp parrikar parsekar apt cartoon alexys sum 100 page book cant send whatsapp …  "}
{"_id":{"$oid":"573874d0cad4a57455872e4a"},"text":" appoftheweek whatsapp well take close look application blog next week  "}
{"_id":{"$oid":"573874d0cad4a57455872e4e"},"text":" best party status whatsapp facebook  "}
{"_id":{"$oid":"573874d0cad4a57455872e52"},"text":" hey call yes particular reason nothing want check whatsapp profile pict…  "}
{"_id":{"$oid":"573874d0cad4a57455872e54"},"text":" hey call yes particular reason nothing want check whatsapp profile pict…  "}
{"_id":{"$oid":"573874d0cad4a57455872e57"},"text":" im use whatsapp io add new feature whatsapp  "}
{"_id":{"$oid":"573874d0cad4a57455872e58"},"text":" avail book 6281288696100 call whatsapp ready bdsm session 😘 "}
{"_id":{"$oid":"573874d0cad4a57455872e59"},"text":" whatsapp good silent 😂 "}
{"_id":{"$oid":"573874d0cad4a57455872e5b"},"text":" whatsapp always get busy twitter lit anyway stranger always good amp interesting friends…  "}
{"_id":{"$oid":"573874d0cad4a57455872e5e"},"text":" thats right  "}
{"_id":{"$oid":"573874d0cad4a57455872e6b"},"text":" whatsapp number choose perfect profile pic initiate chat …  "}
{"_id":{"$oid":"573874d0cad4a57455872e72"},"text":" welcome nigerian reality  "}
{"_id":{"$oid":"573874d0cad4a57455872e74"},"text":" okay ill add soon miss talk thru whatsapp :) :)"}
{"_id":{"$oid":"573874d0cad4a57455872e75"},"text":" whatsapp update brings text format improve file share whatsapp  "}
{"_id":{"$oid":"573874d0cad4a57455872e76"},"text":" im use whatsapp io add new feature whatsapp  "}
{"_id":{"$oid":"573874d0cad4a57455872e79"},"text":" change whatsapp kuwait new 99961361  "}
{"_id":{"$oid":"573874d1cad4a57455872e7f"},"text":" whatsapp si e una red social marketingdigital communitymanager siguemeytesigo  "}
{"_id":{"$oid":"573874d1cad4a57455872e85"},"text":" couple laugh get know dm go whatsapp number  "}
{"_id":{"$oid":"573874d1cad4a57455872e86"},"text":" whatsapp number choose perfect profile pic initiate chat …  "}
{"_id":{"$oid":"573874d1cad4a57455872e87"},"text":" breathtaking saw pair giuseppes name 😝 say please whatsapp ❤️ 😘 "}
{"_id":{"$oid":"573874d1cad4a57455872e89"},"text":" hey call yes particular reason nothing want check whatsapp profile pict…  "}
{"_id":{"$oid":"573874d1cad4a57455872e93"},"text":" hey call yes particular reason nothing want check whatsapp profile pict…  "}
{"_id":{"$oid":"573874d1cad4a57455872e95"},"text":" whatsapp available web phonezio throwback  "}
{"_id":{"$oid":"573874d1cad4a57455872e97"},"text":" breathtaking saw pair giuseppes name 😝 say please whatsapp ❤️ … 😘 "}
{"_id":{"$oid":"573874d1cad4a57455872e9d"},"text":" 11 awesome thing probably didn’t know could whatsapp remember whatsapp come w  "}
{"_id":{"$oid":"573874d1cad4a57455872ea1"},"text":" jess change handle lol check whatsapp  "}
{"_id":{"$oid":"573874d1cad4a57455872ea2"},"text":" whatsapp always get busy twitter lit anyway stranger always good amp interesting friends…  "}
{"_id":{"$oid":"573874d1cad4a57455872ea8"},"text":" contact u via email casapedro007com whatsapp 08093913912 affordable rate …  "}
{"_id":{"$oid":"573874d1cad4a57455872eaa"},"text":" breathtaking saw pair giuseppes name 😝 say please whatsapp ❤️ … 😘 "}
{"_id":{"$oid":"573874d1cad4a57455872eab"},"text":" whatsapp android user quick way access important whatsapp chat thejournal news  "}
{"_id":{"$oid":"573874d1cad4a57455872eb0"},"text":" youre let agent satan dance life plz protect relationship 😭 "}
{"_id":{"$oid":"573874d1cad4a57455872eb3"},"text":" best fatherdays status whatsapp facebook  "}
{"_id":{"$oid":"573874d1cad4a57455872eb5"},"text":" whatsapp fa dm w imessage maftoheen lel 3ayz ytkalem :) :)"}
{"_id":{"$oid":"573874d1cad4a57455872eb7"},"text":" dont whatsapp alhumdullilah :) :)"}
{"_id":{"$oid":"573874d1cad4a57455872eb8"},"text":" whatsapp always get busy twitter lit anyway stranger always good amp interesting friends…  "}
{"_id":{"$oid":"573874d1cad4a57455872ebb"},"text":" twitter dont whatsapp blue check favillo pa tu casa personaje think beautiful  "}
{"_id":{"$oid":"573874d1cad4a57455872ebf"},"text":" pink delight free shipping cod india price 375 inr whatsapp 919643219564…  "}
{"_id":{"$oid":"573874d1cad4a57455872ec1"},"text":" happy birthday may allah grant long healthy life aameen  "}
{"_id":{"$oid":"573874d1cad4a57455872ec2"},"text":" enquires productsin search product suitable uu reach u via dmwhatsapp 08093913912 …  "}
{"_id":{"$oid":"573874d1cad4a57455872ec5"},"text":" couple laugh get know dm go whatsapp number  "}
{"_id":{"$oid":"573874d1cad4a57455872ec8"},"text":" whatsapp number choose perfect profile pic initiate chat …  "}
{"_id":{"$oid":"573874d1cad4a57455872ec9"},"text":" twitter dont whatsapp blue check favillo pa tu casa personaje think beautiful  "}
{"_id":{"$oid":"573874d1cad4a57455872ecc"},"text":" phone physically hat cant even whatsapp audio best friend without fuck like stop  "}
{"_id":{"$oid":"573874d1cad4a57455872ed4"},"text":" angola chic trendy lifestyle extravagant fashionable shoe encomendas e reservas whatsapp e viber  "}
{"_id":{"$oid":"573874d1cad4a57455872ed8"},"text":" twitter dont whatsapp blue check favillo pa tu casa personaje think beautiful  "}
{"_id":{"$oid":"573874d1cad4a57455872ed9"},"text":" angola chic trendy lifestyle extravagant fashionable shoe encomendas e reservas whatsapp e viber  "}
{"_id":{"$oid":"573874d1cad4a57455872edb"},"text":" angola chic trendy lifestyle extravagant fashionable shoe encomendas e reservas whatsapp e viber  "}
{"_id":{"$oid":"573874d1cad4a57455872ee0"},"text":" im use whatsapp io add new feature whatsapp  "}
{"_id":{"$oid":"573874d1cad4a57455872ee1"},"text":" twitter dont whatsapp blue check favillo pa tu casa personaje think beautiful  "}
{"_id":{"$oid":"573874d1cad4a57455872ee2"},"text":" como ‘limpar’ whatsapp com app magic cleaner whatsapp  "}
{"_id":{"$oid":"573874d1cad4a57455872ee3"},"text":" mom whatsapp like sad huh mom love forever ❤️ wish1075juanistas 😘 "}
{"_id":{"$oid":"573874d1cad4a57455872ee4"},"text":" lol yea okay  "}
{"_id":{"$oid":"573874d1cad4a57455872ee7"},"text":" minor one thats unique love see inside file menu dont forget save wha…  "}
{"_id":{"$oid":"573874d1cad4a57455872eea"},"text":" wise word ppl random whatsapp group ingat kaki spam je rupanya ada gak information berguna … 😂 "}
{"_id":{"$oid":"573874d1cad4a57455872eef"},"text":" any1 crave cock 2day msg send kik skype whatsapp like slim smooth 30 nr morpeth nr newcastle north east uk  "}
{"_id":{"$oid":"573874d1cad4a57455872ef0"},"text":" today fan spot whatsapp group 😀😁 proudtobeanindian thetravelography india best …  "}
{"_id":{"$oid":"573874d1cad4a57455872ef4"},"text":" yes pls u come find dm snapchat whatsapp katalk hope ure well 😂 "}
{"_id":{"$oid":"573874d1cad4a57455872ef6"},"text":" trophy exculisive 79₺ 💣💣 👈💗 whatsapp 05071413113🔛dm izmir istanbul ankara…  "}
{"_id":{"$oid":"573874d1cad4a57455872ef7"},"text":" im use whatsapp io add new feature whatsapp  "}
{"_id":{"$oid":"573874d1cad4a57455872ef8"},"text":" compañías con valor gt usd 1000 mill lt 10 años airbnb twitter snapchat uber instagram fitbit spotify dropbox whatsap…  "}
{"_id":{"$oid":"573874d1cad4a57455872efd"},"text":" berry nice whatsapp whatsapp  "}
{"_id":{"$oid":"573874d1cad4a57455872efe"},"text":" whatsapp document go live user pdfonly whatsapp  "}
{"_id":{"$oid":"573874d1cad4a57455872eff"},"text":" im use whatsapp io add new feature whatsapp  "}
{"_id":{"$oid":"573874d1cad4a57455872f04"},"text":" change whatsapp dp status frequently new busy  "}
{"_id":{"$oid":"573874d1cad4a57455872f06"},"text":" please start whatsapp group share tweet information photo video atleast much  "}
{"_id":{"$oid":"573874d1cad4a57455872f07"},"text":" qibtiyyah cinta 💖💖💖💖💖💖 rm59 postage rm7sm rm11ss whatsapp 60177710092 fast reply 💓💓💓 worldwide shipping🚀  "}
{"_id":{"$oid":"573874d1cad4a57455872f09"},"text":" u interest wechat yeap5229 whatsapp 0192200271 ti website =) =)"}
{"_id":{"$oid":"573874d1cad4a57455872f0a"},"text":" change whatsapp dp status frequently new busy  "}
{"_id":{"$oid":"573874d1cad4a57455872f0b"},"text":" enjoy huge discount nuspring music studio whatsapp 2348123114584  "}
{"_id":{"$oid":"573874d1cad4a57455872f0c"},"text":" wait jose go whatsapp update interesting topic  "}
{"_id":{"$oid":"573874d1cad4a57455872f0d"},"text":" couple laugh get know dm go whatsapp number  "}
{"_id":{"$oid":"573874d1cad4a57455872f0f"},"text":" everything app phone work except whatsapp twitter airtel  "}
{"_id":{"$oid":"573874d1cad4a57455872f10"},"text":" whatsapp number choose perfect profile pic initiate chat …  "}
{"_id":{"$oid":"573874d1cad4a57455872f16"},"text":" im use whatsapp io add new feature whatsapp  "}
{"_id":{"$oid":"573874d1cad4a57455872f18"},"text":" spread hatred much easy due fb whatsapp twtr etc etc take lot effort kid  "}
{"_id":{"$oid":"573874d1cad4a57455872f1e"},"text":" best water day status whatsapp facebook  "}
{"_id":{"$oid":"573874d1cad4a57455872f21"},"text":" excite get imessages whatsapp message place haha lewis fan f1 spanishgp  "}
{"_id":{"$oid":"573874d1cad4a57455872f26"},"text":" im use whatsapp io add new feature whatsapp  "}
{"_id":{"$oid":"573874d1cad4a57455872f27"},"text":" say something happen regard happen  "}
{"_id":{"$oid":"573874d1cad4a57455872f29"},"text":" whatsapp always get busy twitter lit anyway stranger always good amp interesting friends…  "}
{"_id":{"$oid":"573874d1cad4a57455872f2a"},"text":" heroine mascara fast transaction kindly text viber whatsapp u 09175759424 please like page amp  "}
{"_id":{"$oid":"573874d1cad4a57455872f35"},"text":" im use whatsapp io add new feature whatsapp  "}
{"_id":{"$oid":"573874d1cad4a57455872f37"},"text":" whatsapp number choose perfect profile pic initiate chat …  "}
{"_id":{"$oid":"573874d1cad4a57455872f38"},"text":" would make perfect whatsapp status ur tweet r super good twomechiez 😂 "}
{"_id":{"$oid":"573874d1cad4a57455872f3c"},"text":" whatsapp number choose perfect profile pic initiate chat …  "}
{"_id":{"$oid":"573874d1cad4a57455872f40"},"text":" feel like delete whatsapp  "}
{"_id":{"$oid":"573874d1cad4a57455872f43"},"text":" couple laugh get know dm go whatsapp number  "}
{"_id":{"$oid":"573874d1cad4a57455872f45"},"text":" whatsapp number choose perfect profile pic initiate chat …  "}
{"_id":{"$oid":"573874d1cad4a57455872f47"},"text":" respond whatsapp message please thank  "}
{"_id":{"$oid":"573874d1cad4a57455872f4a"},"text":" never reply group whatsapp reply lol omg paiseh  "}
{"_id":{"$oid":"573874d1cad4a57455872f4d"},"text":" talent see someone type whatsapp exit app 05 second  "}
{"_id":{"$oid":"573874d1cad4a57455872f56"},"text":" ana ma3aky en enty matrodesh 3alaya whatsapp ba mateb2esh beg7a w te3mlely like 3ala instagram  "}
{"_id":{"$oid":"573874d1cad4a57455872f5a"},"text":" available pick updelivery whatsapp2348091222253 bbm59240cf9 2piece play suit…  "}
{"_id":{"$oid":"573874d1cad4a57455872f65"},"text":" whatsapp web firefox opera browser support  "}
{"_id":{"$oid":"573874d1cad4a57455872f66"},"text":" true 😂 "}
