{"_id":{"$oid":"573874cdcad4a57455872995"},"text":" mira whatsapp aaaaaaaa  "}
{"_id":{"$oid":"573874cdcad4a5745587299b"},"text":" open member 👉  "}
{"_id":{"$oid":"573874cdcad4a5745587299d"},"text":" whatsapp developer offer endtoend encryption nokia phone neurogadget  "}
{"_id":{"$oid":"573874cdcad4a5745587299e"},"text":" open member amp ps info whatsapp 087889355679  "}
{"_id":{"$oid":"573874cdcad4a574558729a3"},"text":" app gemist whatsapp desktop facebook moment fox sport en meer  "}
{"_id":{"$oid":"573874cdcad4a574558729a4"},"text":" whatsapp mou  "}
{"_id":{"$oid":"573874cdcad4a574558729a6"},"text":" always take whatsapp notification  "}
{"_id":{"$oid":"573874cdcad4a574558729ac"},"text":" whatsapp desktop launch document share feature heres use tech time latesttechnews  "}
{"_id":{"$oid":"573874cdcad4a574558729ad"},"text":" whatsapp desktop launch document share feature heres use tech time latesttechnews  "}
{"_id":{"$oid":"573874cdcad4a574558729b0"},"text":" ong whatsapp neh  "}
{"_id":{"$oid":"573874cdcad4a574558729b1"},"text":" whatsapp desktop launch document share feature heres use tech time  "}
{"_id":{"$oid":"573874cdcad4a574558729b3"},"text":" whatsapp  "}
{"_id":{"$oid":"573874cdcad4a574558729b4"},"text":" see whatsapp fellow nigerian time face reality  "}
{"_id":{"$oid":"573874cdcad4a574558729b6"},"text":" whatsapp desktop launch document share feature heres use tech time  "}
{"_id":{"$oid":"573874cdcad4a574558729ba"},"text":" whatsapp go judicial revolve door brazil news tech science  "}
{"_id":{"$oid":"573874cdcad4a574558729bb"},"text":" whatsapp  "}
{"_id":{"$oid":"573874cdcad4a574558729be"},"text":" use whatsapp desktop application window mac  "}
{"_id":{"$oid":"573874cdcad4a574558729c1"},"text":" always take whatsapp notification  "}
{"_id":{"$oid":"573874cecad4a574558729c3"},"text":" see whatsapp fellow nigerian time face reality  "}
{"_id":{"$oid":"573874cecad4a574558729c6"},"text":" include icon msn use whatsapp please 🏼 🙏 "}
{"_id":{"$oid":"573874cecad4a574558729c7"},"text":" endofseason footballer ⚽ party tonight dstrkt ⚽️ dm whatsapp guestlist amp table 07946322233 🎉  "}
{"_id":{"$oid":"573874cecad4a574558729cb"},"text":" agressive betul pay review 😂 "}
{"_id":{"$oid":"573874cecad4a574558729cd"},"text":" face face  "}
{"_id":{"$oid":"573874cecad4a574558729ce"},"text":" face reality already  "}
{"_id":{"$oid":"573874cecad4a574558729d1"},"text":" year predominantly mobile existence whatsapp launch native desktop app …  "}
{"_id":{"$oid":"573874cecad4a574558729d3"},"text":" face face  "}
{"_id":{"$oid":"573874cecad4a574558729d4"},"text":" mtn war whatsapp call innovate die war among telco ghana take  "}
{"_id":{"$oid":"573874cecad4a574558729d7"},"text":" see whatsapp fellow nigerian time face reality  "}
{"_id":{"$oid":"573874cecad4a574558729db"},"text":" whatsapp desktop launch document share feature heres use tech time  "}
{"_id":{"$oid":"573874cecad4a574558729dd"},"text":" whatsapp desktop launch document share feature heres use tech time  "}
{"_id":{"$oid":"573874cecad4a574558729df"},"text":" descargar whatsapp spy via  "}
{"_id":{"$oid":"573874cecad4a574558729e2"},"text":" suport  "}
{"_id":{"$oid":"573874cecad4a574558729e5"},"text":" ten whatsapp  "}
{"_id":{"$oid":"573874cecad4a574558729e6"},"text":" delete whatsapp 😂 "}
{"_id":{"$oid":"573874cecad4a574558729ea"},"text":" whatsapp desktop launch document share feature heres use tech time technology whatsapp for…  "}
{"_id":{"$oid":"573874cecad4a574558729eb"},"text":" see whatsapp fellow nigerian time face reality  "}
{"_id":{"$oid":"573874cecad4a574558729ec"},"text":" see whatsapp fellow nigerian time face reality  "}
{"_id":{"$oid":"573874cecad4a574558729ee"},"text":" whatsapp desktop launch document share feature heres use tech time …  "}
{"_id":{"$oid":"573874cecad4a574558729f0"},"text":" whatsapp 0506 880 5990👍 istanbul istanbuldayasam istanbullovers istanbullife…  "}
{"_id":{"$oid":"573874cecad4a57455872a05"},"text":" donny montell al whatsapp hintergrund gtgtgtgtgt  "}
{"_id":{"$oid":"573874cecad4a57455872a06"},"text":" see whatsapp fellow nigerian time face reality  "}
{"_id":{"$oid":"573874cecad4a57455872a0c"},"text":" business presentation amp incentives train forever™ qatar join us🍒 enquiry callwhatsapp 971557833070  "}
{"_id":{"$oid":"573874cecad4a57455872a0d"},"text":" whatsapp desktop launch document share feature heres use tech time  "}
{"_id":{"$oid":"573874cecad4a57455872a0f"},"text":" whatsapp desktop launch document share feature heres use tech time techtalk  "}
{"_id":{"$oid":"573874cecad4a57455872a10"},"text":" whatsapp desktop launch document share feature heres use tech… tech  "}
{"_id":{"$oid":"573874cecad4a57455872a12"},"text":" say response shitty 😢 else say 😤  "}
{"_id":{"$oid":"573874cecad4a57455872a14"},"text":" whatsapp desktop launch document share feature heres use tech time  "}
{"_id":{"$oid":"573874cecad4a57455872a15"},"text":" open member 👉  "}
{"_id":{"$oid":"573874cecad4a57455872a16"},"text":" face face  "}
{"_id":{"$oid":"573874cecad4a57455872a18"},"text":" see whatsapp fellow nigerian time face reality  "}
{"_id":{"$oid":"573874cecad4a57455872a19"},"text":" see whatsapp fellow nigerian time face reality  "}
{"_id":{"$oid":"573874cecad4a57455872a1a"},"text":" whatsapp desktop launch document share feature heres use tech time  "}
{"_id":{"$oid":"573874cecad4a57455872a1b"},"text":" whatsapp message two type drive license  "}
{"_id":{"$oid":"573874cecad4a57455872a1c"},"text":" hv ur whatsapp business number  "}
{"_id":{"$oid":"573874cecad4a57455872a20"},"text":" see whatsapp fellow nigerian time face reality  "}
{"_id":{"$oid":"573874cecad4a57455872a21"},"text":" see whatsapp fellow nigerian time face reality  "}
{"_id":{"$oid":"573874cecad4a57455872a24"},"text":" see whatsapp fellow nigerian time face reality  "}
{"_id":{"$oid":"573874cecad4a57455872a25"},"text":" see whatsapp fellow nigerian time face reality  "}
{"_id":{"$oid":"573874cecad4a57455872a33"},"text":" whatsapp desktop launch document share feature heres use tech time  "}
{"_id":{"$oid":"573874cecad4a57455872a35"},"text":" see whatsapp fellow nigerian time face reality  "}
{"_id":{"$oid":"573874cecad4a57455872a38"},"text":" bbm clone 5k line clone 5k kakao talk clone 5k whatsapp clone 5k twitter clone 5k andro payment via tsel 100 trusted♡  "}
{"_id":{"$oid":"573874cecad4a57455872a39"},"text":" year predominantly mobile existence whatsapp launch native desktop app …  "}
{"_id":{"$oid":"573874cecad4a57455872a3a"},"text":" whatsapp asap  "}
{"_id":{"$oid":"573874cecad4a57455872a3c"},"text":" see whatsapp fellow nigerian time face reality  "}
{"_id":{"$oid":"573874cecad4a57455872a3d"},"text":" could u 😒  "}
{"_id":{"$oid":"573874cecad4a57455872a3e"},"text":" tech time whatsapp desktop launch document share feature heres use tech time whatsapp users…  "}
{"_id":{"$oid":"573874cecad4a57455872a44"},"text":" see whatsapp fellow nigerian time face reality  "}
{"_id":{"$oid":"573874cecad4a57455872a45"},"text":" whatsapp desktop launch document share feature heres use tech time  "}
{"_id":{"$oid":"573874cecad4a57455872a46"},"text":" twitter isnt instagram whatsapp  "}
{"_id":{"$oid":"573874cecad4a57455872a4b"},"text":" somebody spy whatsapp dp tell say sexy dont silly  "}
{"_id":{"$oid":"573874cecad4a57455872a4c"},"text":" whatsapp soon launch video call feature  "}
{"_id":{"$oid":"573874cecad4a57455872a4d"},"text":" cest whatsapp  "}
{"_id":{"$oid":"573874cecad4a57455872a4f"},"text":" whatsapp desktop launch document share feature heres use tech time technology  "}
{"_id":{"$oid":"573874cecad4a57455872a51"},"text":" see whatsapp fellow nigerian time face reality  "}
{"_id":{"$oid":"573874cecad4a57455872a54"},"text":" whatsapp rhcp ariana grande anohni amp cyndi lauper musthear music podcast fakeheadlinebot learntocode makeatwitterbot javascript  "}
{"_id":{"$oid":"573874cecad4a57455872a57"},"text":" pajo hablame al whatsapp  "}
{"_id":{"$oid":"573874cecad4a57455872a59"},"text":" neh 😂 "}
{"_id":{"$oid":"573874cecad4a57455872a5a"},"text":" example buharists spread suffering portion message glory pmb h…  "}
{"_id":{"$oid":"573874cecad4a57455872a5b"},"text":" business presentation amp incentive train dubai join us🍒 enquiry callwhatsapp 971557833070  "}
{"_id":{"$oid":"573874cecad4a57455872a5d"},"text":" see whatsapp fellow nigerian time face reality  "}
{"_id":{"$oid":"573874cecad4a57455872a5e"},"text":" va whatsapp  "}
{"_id":{"$oid":"573874cecad4a57455872a68"},"text":" whatsappsexlol  "}
{"_id":{"$oid":"573874cecad4a57455872a69"},"text":" whatsapp ban brazil government uk elsewhere  "}
{"_id":{"$oid":"573874cecad4a57455872a6a"},"text":" whatsapp desktop launch document share feature heres use tech time  "}
{"_id":{"$oid":"573874cecad4a57455872a6c"},"text":" 2nd screen dedicate tweetdeck whatsapp daijoubu go sleep  "}
{"_id":{"$oid":"573874cecad4a57455872a6e"},"text":" whatsapp never hour away  "}
{"_id":{"$oid":"573874cecad4a57455872a6f"},"text":" whatsapp desktop launch document share feature heres use tech time technology  "}
{"_id":{"$oid":"573874cecad4a57455872a70"},"text":" chat line novanaeko whatsapp 083813838211 novanisme  "}
{"_id":{"$oid":"573874cecad4a57455872a72"},"text":" see whatsapp fellow nigerian time face reality  "}
{"_id":{"$oid":"573874cecad4a57455872a74"},"text":" mtn need whatsapp bundle  "}
{"_id":{"$oid":"573874cecad4a57455872a75"},"text":" join whatsapp group participate leeminho birthday project 2016 amp donate charity event  "}
{"_id":{"$oid":"573874cecad4a57455872a76"},"text":" whatsapp desktop launch document share feature heres use tech time  "}
{"_id":{"$oid":"573874cecad4a57455872a77"},"text":" send message whatsapp  "}
{"_id":{"$oid":"573874cecad4a57455872a78"},"text":" please send pic whatsapp 😂 "}
{"_id":{"$oid":"573874cecad4a57455872a7a"},"text":" whatsapp desktop launch document share feature heres use tech time  "}
{"_id":{"$oid":"573874cecad4a57455872a7c"},"text":" whatsapp desktop launch document share feature heres use tech time tech…  "}
{"_id":{"$oid":"573874cecad4a57455872a7d"},"text":" next whatsapp status  "}
{"_id":{"$oid":"573874cecad4a57455872a80"},"text":" whatsapp desktop launch document share feature heres use tech time  "}
{"_id":{"$oid":"573874cecad4a57455872a81"},"text":" jual dvd bokep executive suite 50rb foto » order via whatsapp 083897993894  "}
{"_id":{"$oid":"573874cecad4a57455872a83"},"text":" app gemist whatsapp desktop facebook moment fox sport en meer wat waren de populairste… tech nltech  "}
{"_id":{"$oid":"573874cecad4a57455872a86"},"text":" whatsapp desktop launch document share feature heres use tech… tech  "}
{"_id":{"$oid":"573874cecad4a57455872a87"},"text":" hotline service call sms whatsapp 081294272769 pin bb 27f97bb2 socialmedia srudukfollow  "}
{"_id":{"$oid":"573874cecad4a57455872a89"},"text":" hv ur whatsapp business number  "}
{"_id":{"$oid":"573874cecad4a57455872a8b"},"text":" whatsapp desktop launch document share feature heres use tech time technology  "}
{"_id":{"$oid":"573874cecad4a57455872a8c"},"text":" think time delete whatsapp ngl  "}
{"_id":{"$oid":"573874cecad4a57455872a8d"},"text":" im contemplate 😂 "}
{"_id":{"$oid":"573874cecad4a57455872a90"},"text":" tire call 121 reach airtel customer care via whatsapp  "}
{"_id":{"$oid":"573874cecad4a57455872a92"},"text":" example buharists spread suffering portion message glory pmb h…  "}
{"_id":{"$oid":"573874cecad4a57455872a95"},"text":" see whatsapp fellow nigerian time face reality  "}
{"_id":{"$oid":"573874cecad4a57455872a98"},"text":" agg al grupo de whatsapp 04129004591  "}
{"_id":{"$oid":"573874cecad4a57455872a9a"},"text":" open member 👍  "}
{"_id":{"$oid":"573874cecad4a57455872a9b"},"text":" need detox let choose u whatsapp 08093913912 detoxification cc …  "}
{"_id":{"$oid":"573874cecad4a57455872a9c"},"text":" whatsapp desktop launch document share feature heres use tech time  "}
{"_id":{"$oid":"573874cecad4a57455872a9e"},"text":" see whatsapp fellow nigerian time face reality  "}
{"_id":{"$oid":"573874cecad4a57455872aa1"},"text":" vitofit men product sell separately neccesity whatsapp 08093913912 cc …  "}
{"_id":{"$oid":"573874cecad4a57455872aa3"},"text":" mtn need whatsapp bundle  "}
{"_id":{"$oid":"573874cecad4a57455872aa4"},"text":" check whatsapp messenger smartphone download today  "}
{"_id":{"$oid":"573874cecad4a57455872aa6"},"text":" see whatsapp fellow nigerian time face reality  "}
{"_id":{"$oid":"573874cecad4a57455872aa7"},"text":" please start trend namodevelopingindia modus operandi whatsapp …  "}
{"_id":{"$oid":"573874cecad4a57455872aa9"},"text":" app gemist whatsapp desktop facebook moment fox sport en meer  "}
{"_id":{"$oid":"573874cecad4a57455872aaa"},"text":" see whatsapp fellow nigerian time face reality  "}
{"_id":{"$oid":"573874cecad4a57455872aab"},"text":" whatsapp dm  "}
{"_id":{"$oid":"573874cecad4a57455872ab0"},"text":" anto snkajdisoahsisk im close deactivate susjhw  "}
{"_id":{"$oid":"573874cecad4a57455872ab1"},"text":" whatsapp launch desktop app microsoft’s window 8 window 81 windows 10 …  "}
{"_id":{"$oid":"573874cecad4a57455872ab3"},"text":" whatsapp dm  "}
{"_id":{"$oid":"573874cecad4a57455872ab4"},"text":" whatsapp’s web client let share document via  "}
{"_id":{"$oid":"573874cecad4a57455872ab7"},"text":" whatsapp developer offer endtoend encryption nokia phone neurogadget  "}
{"_id":{"$oid":"573874cecad4a57455872ab8"},"text":" whatsapp desktop launch document share feature heres use tech time technology  "}
{"_id":{"$oid":"573874cecad4a57455872aba"},"text":" see whatsapp fellow nigerian time face reality  "}
{"_id":{"$oid":"573874cecad4a57455872abc"},"text":" order quality vintage shirt price tag n1500 delivery within lagos callwhatsapp 08114319374  "}
{"_id":{"$oid":"573874cecad4a57455872abd"},"text":" whatsapp  "}
{"_id":{"$oid":"573874cecad4a57455872abe"},"text":" whatsapp desktop launch document share feature heres use tech time technology  "}
{"_id":{"$oid":"573874cecad4a57455872ac2"},"text":" whatsapp introduce video call feature soon  "}
{"_id":{"$oid":"573874cecad4a57455872ac4"},"text":" see whatsapp fellow nigerian time face reality  "}
{"_id":{"$oid":"573874cecad4a57455872ac9"},"text":" ten whatsapp  "}
{"_id":{"$oid":"573874cecad4a57455872aca"},"text":" app gemist whatsapp desktop facebook moment fox sport en meer  "}
{"_id":{"$oid":"573874cecad4a57455872acd"},"text":" whatsapp u  "}
{"_id":{"$oid":"573874cecad4a57455872ad1"},"text":" see whatsapp fellow nigerian time face reality  "}
{"_id":{"$oid":"573874cecad4a57455872ad2"},"text":" whatsapp release desktop apps mac window  "}
{"_id":{"$oid":"573874cecad4a57455872ad6"},"text":" rody whatsapp kda 😂 "}
{"_id":{"$oid":"573874cecad4a57455872add"},"text":" whatsapp🤔 😂 "}
{"_id":{"$oid":"573874cecad4a57455872adf"},"text":" whatsapp desktop launch document share feature heres use tech time  "}
{"_id":{"$oid":"573874cecad4a57455872ae0"},"text":" app gemist whatsapp desktop facebook moment fox sport en meer  "}
{"_id":{"$oid":"573874cecad4a57455872ae2"},"text":" tweet reply whatsapp message 🌚  "}
{"_id":{"$oid":"573874cecad4a57455872ae4"},"text":" order quality vintage shirt price tag n1500 delivery within lagos callwhatsapp 08114319374 …  "}
{"_id":{"$oid":"573874cecad4a57455872ae6"},"text":" app gemist whatsapp desktop facebook moment fox sport en meer castle iphonetips  "}
{"_id":{"$oid":"573874cecad4a57455872ae7"},"text":" ffs want wipe arse lad ha whatsapp  "}
{"_id":{"$oid":"573874cecad4a57455872ae9"},"text":" sell u photo whatsapp 420604336612 gambia boob tit  "}
{"_id":{"$oid":"573874cecad4a57455872aea"},"text":" gtpsocial whatsapp desktop launch document share feature heres…  "}
{"_id":{"$oid":"573874cecad4a57455872aeb"},"text":" app gemist whatsapp desktop facebook moment fox sport en meer iphonetips  "}
{"_id":{"$oid":"573874cecad4a57455872aec"},"text":" see whatsapp fellow nigerian time face reality  "}
{"_id":{"$oid":"573874cecad4a57455872aed"},"text":" lmaoo though 😂 "}
{"_id":{"$oid":"573874cecad4a57455872aef"},"text":" order quality vintage shirt price tag n1500 delivery within lagos callwhatsapp 08114319374  "}
{"_id":{"$oid":"573874cecad4a57455872af1"},"text":" install whatsapp desktop  "}
{"_id":{"$oid":"573874cecad4a57455872af2"},"text":" whatsapp desktop launch document share feature heres use tech time  "}
{"_id":{"$oid":"573874cecad4a57455872af5"},"text":" ffs want wipe arse lad ha whatsapp  "}
{"_id":{"$oid":"573874cecad4a57455872af7"},"text":" see whatsapp fellow nigerian time face reality  "}
{"_id":{"$oid":"573874cecad4a57455872af8"},"text":" family whatsapp group truly something behold  "}
{"_id":{"$oid":"573874cecad4a57455872af9"},"text":" register link call0097144470880 whatsapp 971526661299 dubaiemiratessharjah uae  "}
{"_id":{"$oid":"573874cecad4a57455872afd"},"text":" video call feature spot whatsapp  "}
{"_id":{"$oid":"573874cecad4a57455872b01"},"text":" video call feature spot whatsapp  "}
{"_id":{"$oid":"573874cecad4a57455872b02"},"text":" whatsapp message one inmate lead syria’s massive prison mutiny via  "}
{"_id":{"$oid":"573874cecad4a57455872b05"},"text":" see whatsapp fellow nigerian time face reality  "}
{"_id":{"$oid":"573874cecad4a57455872b06"},"text":" app gemist whatsapp desktop facebook moment fox sport en meer wat waren de populairste io smartphone  "}
{"_id":{"$oid":"573874cecad4a57455872b07"},"text":" see whatsapp fellow nigerian time face reality  "}
{"_id":{"$oid":"573874cecad4a57455872b08"},"text":" whatsapp message two type drive license  "}
{"_id":{"$oid":"573874cecad4a57455872b09"},"text":" video call feature spot whatsapp  "}
{"_id":{"$oid":"573874cecad4a57455872b0a"},"text":" video call feature spot whatsapp  "}
{"_id":{"$oid":"573874cecad4a57455872b0f"},"text":" whatsapp number 00971528732110  "}
{"_id":{"$oid":"573874cecad4a57455872b10"},"text":" whatsapp desktop launch document share feature heres use tech time  "}
{"_id":{"$oid":"573874cecad4a57455872b13"},"text":" see whatsapp fellow nigerian time face reality  "}
{"_id":{"$oid":"573874cecad4a57455872b14"},"text":" whatsapp message two type drive license  "}
{"_id":{"$oid":"573874cecad4a57455872b16"},"text":" see whatsapp fellow nigerian time face reality  "}
{"_id":{"$oid":"573874cecad4a57455872b18"},"text":" whatsapp wake  "}
{"_id":{"$oid":"573874cecad4a57455872b1a"},"text":" whatsapphijabied wasabied ramadan dp last see read receipt ramadanpreparations  "}
{"_id":{"$oid":"573874cecad4a57455872b1c"},"text":" whatsapp  "}
{"_id":{"$oid":"573874cecad4a57455872b1d"},"text":" whatsapp message two type drive license  "}
{"_id":{"$oid":"573874cecad4a57455872b20"},"text":" check whatsapp theyre typing  "}
{"_id":{"$oid":"573874cecad4a57455872b21"},"text":" definition nigeria nigerian 👇  "}
{"_id":{"$oid":"573874cecad4a57455872b23"},"text":" attention diehard fan national football team whatsapp 0197051909 preorder  "}
{"_id":{"$oid":"573874cecad4a57455872b25"},"text":" bb 23 india tech news highlight aprilmay 2016 whatsapp pebble savethemap airbnb  "}
{"_id":{"$oid":"573874cfcad4a57455872b29"},"text":" definition nigeria nigerian 👇  "}
{"_id":{"$oid":"573874cfcad4a57455872b2d"},"text":" infocom mobilewhatsapp 083114143444081239940788 paket tour 10…  "}
{"_id":{"$oid":"573874cfcad4a57455872b2f"},"text":" whatsapp message  "}
{"_id":{"$oid":"573874cfcad4a57455872b31"},"text":" see whatsapp fellow nigerian time face reality  "}
{"_id":{"$oid":"573874cfcad4a57455872b32"},"text":" siparis whatsapp 0532 226 52 14  "}
{"_id":{"$oid":"573874cfcad4a57455872b33"},"text":" ten whatsapp  "}
{"_id":{"$oid":"573874cfcad4a57455872b34"},"text":" whatsapp wake  "}
{"_id":{"$oid":"573874cfcad4a57455872b35"},"text":" whatsapp desktop launch document share feature heres use tech time  "}
{"_id":{"$oid":"573874cfcad4a57455872b36"},"text":" see whatsapp fellow nigerian time face reality  "}
{"_id":{"$oid":"573874cfcad4a57455872b38"},"text":" dm move whatsapp amp change dp every 5 minute give slideshow could ht…  "}
{"_id":{"$oid":"573874cfcad4a57455872b39"},"text":" see whatsapp fellow nigerian time face reality  "}
{"_id":{"$oid":"573874cfcad4a57455872b3a"},"text":" ☎️♣️ 447446333907 ♣️☎️ whatsapp london sunday drama dramaparklane the…  "}
{"_id":{"$oid":"573874cfcad4a57455872b3b"},"text":" see whatsapp fellow nigerian time face reality  "}
{"_id":{"$oid":"573874cfcad4a57455872b3c"},"text":" see whatsapp fellow nigerian time face reality  "}
{"_id":{"$oid":"573874cfcad4a57455872b3d"},"text":" see someone whatsapp dp🌚❤️  "}
{"_id":{"$oid":"573874cfcad4a57455872b3e"},"text":" see whatsapp fellow nigerian time face reality  "}
{"_id":{"$oid":"573874cfcad4a57455872b40"},"text":" whatsapp odia  "}
{"_id":{"$oid":"573874cfcad4a57455872b42"},"text":" see whatsapp fellow nigerian time face reality  "}
{"_id":{"$oid":"573874cfcad4a57455872b43"},"text":" see whatsapp fellow nigerian time face reality  "}
{"_id":{"$oid":"573874cfcad4a57455872b45"},"text":"  "}
{"_id":{"$oid":"573874cfcad4a57455872b46"},"text":" see whatsapp fellow nigerian time face reality  "}
{"_id":{"$oid":"573874cfcad4a57455872b47"},"text":" see whatsapp fellow nigerian time face reality  "}
{"_id":{"$oid":"573874cfcad4a57455872b4a"},"text":" te paso por whatsapp xd  "}
{"_id":{"$oid":"573874cfcad4a57455872b4b"},"text":" see whatsapp fellow nigerian time face reality  "}
{"_id":{"$oid":"573874cfcad4a57455872b4c"},"text":" whatsapp  "}
{"_id":{"$oid":"573874cfcad4a57455872b4d"},"text":" dey spy ankasa dp  "}
{"_id":{"$oid":"573874cfcad4a57455872b4e"},"text":" see whatsapp fellow nigerian time face reality  "}
{"_id":{"$oid":"573874cfcad4a57455872b4f"},"text":" name thomas resse number whatsapp 19515701102  "}
{"_id":{"$oid":"573874cfcad4a57455872b50"},"text":" see whatsapp fellow nigerian time face reality  "}
{"_id":{"$oid":"573874cfcad4a57455872b53"},"text":" whatsapp desktop launch document share feature heres use tech time tec…  "}
{"_id":{"$oid":"573874cfcad4a57455872b54"},"text":" truee 😂 "}
{"_id":{"$oid":"573874cfcad4a57455872b55"},"text":" infocom mobilewhatsapp 083114143444081239940788 paket tour 10 hour 40 usd  "}
{"_id":{"$oid":"573874cfcad4a57455872b57"},"text":" 📷 infocom mobilewhatsapp 083114143444081239940788 paket tour 10 hour  "}
{"_id":{"$oid":"573874cfcad4a57455872b58"},"text":" screen whatsapp —  "}
{"_id":{"$oid":"573874cfcad4a57455872b5a"},"text":" see whatsapp fellow nigerian time face reality  "}
{"_id":{"$oid":"573874cfcad4a57455872b5b"},"text":" see whatsapp fellow nigerian time face reality  "}
{"_id":{"$oid":"573874cfcad4a57455872b5c"},"text":" attention diehard fan national football team whatsapp 0197051909 preorder  "}
{"_id":{"$oid":"573874cfcad4a57455872b5d"},"text":" see whatsapp fellow nigerian time face reality  "}
{"_id":{"$oid":"573874cfcad4a57455872b5f"},"text":" whatsapp desktop launch document share feature heres use tech time  "}
{"_id":{"$oid":"573874cfcad4a57455872b63"},"text":" brazil judge order phone carrier block whatsapp message app whatsapp  "}
{"_id":{"$oid":"573874cfcad4a57455872b64"},"text":" must get whatsapp  "}
{"_id":{"$oid":"573874cfcad4a57455872b66"},"text":" tech tip basic whatsapp tip use  "}
{"_id":{"$oid":"573874cfcad4a57455872b68"},"text":" see whatsapp fellow nigerian time face reality  "}
{"_id":{"$oid":"573874cfcad4a57455872b69"},"text":"  "}
{"_id":{"$oid":"573874cfcad4a57455872b6a"},"text":" see whatsapp fellow nigerian time face reality  "}
{"_id":{"$oid":"573874cfcad4a57455872b6b"},"text":" tienes whatsapp 04123006094  "}
{"_id":{"$oid":"573874cfcad4a57455872b6d"},"text":" please increase mute duration 2 3 year  "}
{"_id":{"$oid":"573874cfcad4a57455872b6f"},"text":" video call whatsapp activate via  "}
{"_id":{"$oid":"573874cfcad4a57455872b70"},"text":" ada 😊 pls whatsapp 01123413353  "}
{"_id":{"$oid":"573874cfcad4a57455872b71"},"text":" whatsapp desktop launch document share feature heres use tech time  "}
{"_id":{"$oid":"573874cfcad4a57455872b73"},"text":" technology whatsapp desktop launch document share feature heres use tech time  "}
{"_id":{"$oid":"573874cfcad4a57455872b74"},"text":" 📷 infocom mobilewhatsapp 083114143444081239940788 paket tour 10 hour  "}
{"_id":{"$oid":"573874cfcad4a57455872b75"},"text":" whatsapp developer offer endtoend encryption nokia phone neurogadget  "}
{"_id":{"$oid":"573874cfcad4a57455872b78"},"text":" see whatsapp fellow nigerian time face reality  "}
{"_id":{"$oid":"573874cfcad4a57455872b79"},"text":" see whatsapp fellow nigerian time face reality  "}
{"_id":{"$oid":"573874cfcad4a57455872b7d"},"text":" ahh yaret n3ml group 3la whatsapp b2a  "}
{"_id":{"$oid":"573874cfcad4a57455872b7e"},"text":" welcum  "}
{"_id":{"$oid":"573874cfcad4a57455872b80"},"text":" see whatsapp fellow nigerian time face reality  "}
{"_id":{"$oid":"573874cfcad4a57455872b81"},"text":" whatsapp twitter phone 😔  "}
{"_id":{"$oid":"573874cfcad4a57455872b85"},"text":" see whatsapp fellow nigerian time face reality  "}
{"_id":{"$oid":"573874cfcad4a57455872b8d"},"text":" whatsapp desktop launch document share feature heres use tech time  "}
{"_id":{"$oid":"573874cfcad4a57455872b8e"},"text":" see whatsapp fellow nigerian time face reality  "}
{"_id":{"$oid":"573874cfcad4a57455872b90"},"text":" app gemist whatsapp desktop facebook moment fox sport en meer mac  "}
{"_id":{"$oid":"573874cfcad4a57455872b91"},"text":" check whatsapp messenger smartphone download today  "}
{"_id":{"$oid":"573874cfcad4a57455872b93"},"text":" woahh sr ah tp whatsapp tu ade kt playstore ke  "}
{"_id":{"$oid":"573874cfcad4a57455872b94"},"text":" check whatsapp theyre typing  "}
{"_id":{"$oid":"573874cfcad4a57455872b95"},"text":" aburro hablen al whatsapp 01140697285 😍 "}
{"_id":{"$oid":"573874cfcad4a57455872b96"},"text":" rangeroverevoque puretech wrap matteblack £0 deposit amp £409pm dm whatsapp 07969 571091  "}
{"_id":{"$oid":"573874cfcad4a57455872b97"},"text":" see whatsapp fellow nigerian time face reality  "}
{"_id":{"$oid":"573874cfcad4a57455872b98"},"text":" whatsapp desktop launch document share feature heres use tech time google news tech  "}
{"_id":{"$oid":"573874cfcad4a57455872b99"},"text":" attention diehard fan national football team whatsapp 0197051909 preorder  "}
{"_id":{"$oid":"573874cfcad4a57455872b9a"},"text":" please retweet whatsapp desktop launch document share feature… technology news  "}
{"_id":{"$oid":"573874cfcad4a57455872b9b"},"text":" whatsapp desktop launch document share feature heres to… sharethis kcaashik  "}
{"_id":{"$oid":"573874cfcad4a57455872b9c"},"text":" video call feature spot whatsapp  "}
{"_id":{"$oid":"573874cfcad4a57455872b9d"},"text":" video call feature spot whatsapp  "}
{"_id":{"$oid":"573874cfcad4a57455872b9f"},"text":" anyone inboxing please whatsappsms call urgent thank 0734675371  "}
{"_id":{"$oid":"573874cfcad4a57455872ba0"},"text":" see whatsapp fellow nigerian time face reality  "}
{"_id":{"$oid":"573874cfcad4a57455872ba1"},"text":" use whatsapp without mobile numbersee  "}
{"_id":{"$oid":"573874cfcad4a57455872ba2"},"text":" mom whatsapp profile picture eyeball  "}
{"_id":{"$oid":"573874cfcad4a57455872ba3"},"text":" see whatsapp fellow nigerian time face reality  "}
{"_id":{"$oid":"573874cfcad4a57455872ba5"},"text":" see whatsapp fellow nigerian time face reality  "}
{"_id":{"$oid":"573874cfcad4a57455872ba7"},"text":" aburro hablen al whatsapp 01140697285 😍 "}
{"_id":{"$oid":"573874cfcad4a57455872ba8"},"text":" aburro hablen al whatsapp 01140697285 😍 "}
{"_id":{"$oid":"573874cfcad4a57455872ba9"},"text":" aburro hablen al whatsapp 01140697285 😍 "}
{"_id":{"$oid":"573874cfcad4a57455872baa"},"text":" aburro hablen al whatsapp 01140697285 😍 "}
{"_id":{"$oid":"573874cfcad4a57455872bab"},"text":" aburro hablen al whatsapp 01140697285 😍 "}
{"_id":{"$oid":"573874cfcad4a57455872bac"},"text":" aburro hablen al whatsapp 01140697285 😍 "}
{"_id":{"$oid":"573874cfcad4a57455872bad"},"text":" aburro hablen al whatsapp 01140697285 😍 "}
{"_id":{"$oid":"573874cfcad4a57455872bae"},"text":" aburro hablen al whatsapp 01140697285 😍 "}
{"_id":{"$oid":"573874cfcad4a57455872baf"},"text":" aburro hablen al whatsapp 01140697285 😍 "}
{"_id":{"$oid":"573874cfcad4a57455872bb0"},"text":" aburro hablen al whatsapp 01140697285 😍 "}
{"_id":{"$oid":"573874cfcad4a57455872bb1"},"text":" aburro hablen al whatsapp 01140697285 😍 "}
{"_id":{"$oid":"573874cfcad4a57455872bb2"},"text":" aburro hablen al whatsapp 01140697285 😍 "}
{"_id":{"$oid":"573874cfcad4a57455872bb3"},"text":" aburro hablen al whatsapp 01140697285 😍 "}
{"_id":{"$oid":"573874cfcad4a57455872bb4"},"text":" aburro hablen al whatsapp 01140697285 😍 "}
{"_id":{"$oid":"573874cfcad4a57455872bb5"},"text":" aburro hablen al whatsapp 01140697285 😍 "}
{"_id":{"$oid":"573874cfcad4a57455872bb6"},"text":" aburro hablen al whatsapp 01140697285 😍 "}
{"_id":{"$oid":"573874cfcad4a57455872bba"},"text":" billion company didnt exist 2005 uber airbnb twitter snapchat instagram fitbit spotify dropbox whatsapp quora…  "}
{"_id":{"$oid":"573874cfcad4a57455872bbb"},"text":" family whatsapp group truly something behold  "}
{"_id":{"$oid":"573874cfcad4a57455872bbe"},"text":" hari om bhai give ur phone number add group number 880204088 whatsapp  "}
{"_id":{"$oid":"573874cfcad4a57455872bc0"},"text":" hyderabad city police team whatsapp  "}
{"_id":{"$oid":"573874cfcad4a57455872bc2"},"text":" stru  "}
{"_id":{"$oid":"573874cfcad4a57455872bc3"},"text":" check ⬇️⬇️  "}
{"_id":{"$oid":"573874cfcad4a57455872bc4"},"text":" see whatsapp fellow nigerian time face reality  "}
{"_id":{"$oid":"573874cfcad4a57455872bc5"},"text":" see whatsapp fellow nigerian time face reality  "}
{"_id":{"$oid":"573874cfcad4a57455872bc6"},"text":" check ⬇️  "}
{"_id":{"$oid":"573874cfcad4a57455872bc7"},"text":" see whatsapp fellow nigerian time face reality  "}
{"_id":{"$oid":"573874cfcad4a57455872bc8"},"text":" see whatsapp fellow nigerian time face reality  "}
{"_id":{"$oid":"573874cfcad4a57455872bc9"},"text":" check ⬇⬇️️⬇️  "}
{"_id":{"$oid":"573874cfcad4a57455872bcb"},"text":" restore whatsapp delete data read  "}
{"_id":{"$oid":"573874cfcad4a57455872bcc"},"text":" sunday flowers🌼 siparis whatsapp yada dm✌ slaveofskin yildizbileklik elaksesuari…  "}
{"_id":{"$oid":"573874cfcad4a57455872bcd"},"text":" aburro hablen al whatsapp 01140697285 😍 "}
{"_id":{"$oid":"573874cfcad4a57455872bce"},"text":" this👇👇👇  "}
{"_id":{"$oid":"573874cfcad4a57455872bcf"},"text":"  "}
{"_id":{"$oid":"573874cfcad4a57455872bd0"},"text":" check ⬇️⬇️ ⬇️⬇️  "}
{"_id":{"$oid":"573874cfcad4a57455872bd1"},"text":" see whatsapp fellow nigerian time face reality  "}
{"_id":{"$oid":"573874cfcad4a57455872bd2"},"text":" see whatsapp fellow nigerian time face reality  "}
{"_id":{"$oid":"573874cfcad4a57455872bd8"},"text":" check ⬇⬇️⬇️⬇️️⬇️  "}
{"_id":{"$oid":"573874cfcad4a57455872bd9"},"text":" see whatsapp fellow nigerian time face reality  "}
{"_id":{"$oid":"573874cfcad4a57455872bdb"},"text":" check ⬇️⬇️  "}
{"_id":{"$oid":"573874cfcad4a57455872bdd"},"text":" siparis whatsapp 0532 226 5214  "}
{"_id":{"$oid":"573874cfcad4a57455872bdf"},"text":" ⬇️check ⬇️⬇️  "}
{"_id":{"$oid":"573874cfcad4a57455872be0"},"text":" see whatsapp fellow nigerian time face reality  "}
{"_id":{"$oid":"573874cfcad4a57455872be1"},"text":" open member amp ps info whatsapp 087889355679  "}
{"_id":{"$oid":"573874cfcad4a57455872be2"},"text":" 😀😀check ⬇️⬇️  "}
{"_id":{"$oid":"573874cfcad4a57455872be3"},"text":" facebook whatsapp might next apple encryption whatsapp  "}
{"_id":{"$oid":"573874cfcad4a57455872be5"},"text":" 💐check ⬇️⬇️  "}
{"_id":{"$oid":"573874cfcad4a57455872be7"},"text":" check ⬇️⬇️ 😩 "}
{"_id":{"$oid":"573874cfcad4a57455872be8"},"text":" see whatsapp fellow nigerian time face reality  "}
{"_id":{"$oid":"573874cfcad4a57455872be9"},"text":"  "}
{"_id":{"$oid":"573874cfcad4a57455872bea"},"text":" whatsapp call😤😤  "}
{"_id":{"$oid":"573874cfcad4a57455872bee"},"text":" infocom mobilewhatsapp 083114143444081239940788 paket tour 10 hour 40 usd  "}
{"_id":{"$oid":"573874cfcad4a57455872bf2"},"text":" whatsapp add math group consist 200 people hahahahahahono  "}
{"_id":{"$oid":"573874cfcad4a57455872bf3"},"text":" think time delete whatsapp ngl  "}
{"_id":{"$oid":"573874cfcad4a57455872bf4"},"text":" see whatsapp fellow nigerian time face reality  "}
{"_id":{"$oid":"573874cfcad4a57455872bf9"},"text":" voice note whatsapp  "}
{"_id":{"$oid":"573874cfcad4a57455872bfa"},"text":" whatsapp wake  "}
{"_id":{"$oid":"573874cfcad4a57455872bfd"},"text":" cav whatsapp bell take nap  "}
{"_id":{"$oid":"573874cfcad4a57455872bfe"},"text":" rody whatsapp kda 😂 "}
{"_id":{"$oid":"573874cfcad4a57455872bff"},"text":" see whatsapp fellow nigerian time face reality  "}
{"_id":{"$oid":"573874cfcad4a57455872c01"},"text":" see someone whatsapp dp🌚❤️  "}
{"_id":{"$oid":"573874cfcad4a57455872c02"},"text":" screen whatsapp — che ti serve  "}
{"_id":{"$oid":"573874cfcad4a57455872c04"},"text":" definition nigeria nigerian 👇  "}
{"_id":{"$oid":"573874cfcad4a57455872c05"},"text":" example buharists spread suffering portion message glory pmb h…  "}
{"_id":{"$oid":"573874cfcad4a57455872c06"},"text":" omg si get msg whatsapp dp yeh fiancee hai tmhra  "}
{"_id":{"$oid":"573874cfcad4a57455872c0a"},"text":" aburro hablen al whatsapp 01140697285 😍 "}
{"_id":{"$oid":"573874cfcad4a57455872c0b"},"text":" see whatsapp fellow nigerian time face reality  "}
{"_id":{"$oid":"573874cfcad4a57455872c0e"},"text":" see whatsapp fellow nigerian time face reality  "}
{"_id":{"$oid":"573874cfcad4a57455872c0f"},"text":" whatsapp test video call feature via  "}
{"_id":{"$oid":"573874cfcad4a57455872c14"},"text":" whatsapp test videobelfunctie via whatsapp  "}
{"_id":{"$oid":"573874cfcad4a57455872c16"},"text":" see whatsapp fellow nigerian time face reality  "}
{"_id":{"$oid":"573874cfcad4a57455872c17"},"text":" whatsapp test videobelfunctie via  "}
{"_id":{"$oid":"573874cfcad4a57455872c19"},"text":" ye jap aku whatsapp  "}
{"_id":{"$oid":"573874cfcad4a57455872c1a"},"text":" whatsapp chat mom 󾮗󾮗  "}
{"_id":{"$oid":"573874cfcad4a57455872c20"},"text":" whatsapp wake  "}
{"_id":{"$oid":"573874cfcad4a57455872c23"},"text":" ten whatsapp  "}
{"_id":{"$oid":"573874cfcad4a57455872c26"},"text":" whatsapp test video call feature  "}
{"_id":{"$oid":"573874cfcad4a57455872c27"},"text":" see someone whatsapp dp🌚❤️  "}
{"_id":{"$oid":"573874cfcad4a57455872c28"},"text":" example buharists spread suffering portion message glory pmb h…  "}
{"_id":{"$oid":"573874cfcad4a57455872c29"},"text":" bbc financial time guardian amp vogue use whatsapp via digitalmarketing contentmarketing  "}
{"_id":{"$oid":"573874cfcad4a57455872c2b"},"text":" post whatsapp wallpaper —  "}
{"_id":{"$oid":"573874cfcad4a57455872c2d"},"text":" hi cod seremban area 😃 price range rm 15 rm 23 whatsapp 60126122050 enquiries✨ htt… 😘 😍 "}
{"_id":{"$oid":"573874cfcad4a57455872c2e"},"text":" whatsapp native desktop app window mac arrive news technews technology  "}
{"_id":{"$oid":"573874cfcad4a57455872c2f"},"text":" whatsapp download  "}
{"_id":{"$oid":"573874cfcad4a57455872c30"},"text":" anyone else notice whatsapp add video call option version 21680 whatsapp call whatsappcall  "}
{"_id":{"$oid":"573874cfcad4a57455872c31"},"text":" mtn need whatsapp bundle  "}
{"_id":{"$oid":"573874cfcad4a57455872c32"},"text":" ten whatsapp  "}
{"_id":{"$oid":"573874cfcad4a57455872c33"},"text":" febr speak emotion evolve get emotion gift febr order call whatsapp u  "}
{"_id":{"$oid":"573874cfcad4a57455872c35"},"text":" check whatsapp messenger smartphone download today  "}
{"_id":{"$oid":"573874cfcad4a57455872c36"},"text":" see whatsapp fellow nigerian time face reality  "}
{"_id":{"$oid":"573874cfcad4a57455872c3b"},"text":" t3alee whatsapp bbe💞💞 😍 "}
{"_id":{"$oid":"573874cfcad4a57455872c3c"},"text":" whatsapp desktop launch document share feature heres use – tech time  "}
{"_id":{"$oid":"573874cfcad4a57455872c3d"},"text":" see whatsapp fellow nigerian time face reality  "}
{"_id":{"$oid":"573874cfcad4a57455872c3e"},"text":" see whatsapp fellow nigerian time face reality  "}
{"_id":{"$oid":"573874cfcad4a57455872c3f"},"text":" see whatsapp fellow nigerian time face reality  "}
{"_id":{"$oid":"573874cfcad4a57455872c43"},"text":" whatsapp native desktop app window mac arrive via rtechnology  "}
{"_id":{"$oid":"573874cfcad4a57455872c45"},"text":" see whatsapp fellow nigerian time face reality  "}
{"_id":{"$oid":"573874cfcad4a57455872c46"},"text":" see whatsapp fellow nigerian time face reality  "}
{"_id":{"$oid":"573874cfcad4a57455872c47"},"text":" u think hotline blinging one friend send 30messages whatsapp  "}
{"_id":{"$oid":"573874cfcad4a57455872c48"},"text":" su whatsapp  "}
{"_id":{"$oid":"573874cfcad4a57455872c49"},"text":" see whatsapp fellow nigerian time face reality  "}
{"_id":{"$oid":"573874cfcad4a57455872c4e"},"text":" dei get number n whatsapp 😊☺️  "}
{"_id":{"$oid":"573874cfcad4a57455872c4f"},"text":" smh jus send whatsapp text say unfollow  "}
{"_id":{"$oid":"573874cfcad4a57455872c51"},"text":" whatsapp ban brazil government uk elsewhere  "}
{"_id":{"$oid":"573874cfcad4a57455872c52"},"text":" brazil block whatsapp brazil  "}
{"_id":{"$oid":"573874cfcad4a57455872c54"},"text":" family whatsapp group turn religious since time immemorial even fuckboy cousin send quran verse marriage smdh  "}
{"_id":{"$oid":"573874cfcad4a57455872c55"},"text":" nix airtime ntwana 😂 "}
{"_id":{"$oid":"573874cfcad4a57455872c59"},"text":" use whatsapp calllll  "}
{"_id":{"$oid":"573874cfcad4a57455872c5a"},"text":" whatsapp app – whatsapp video call feature spot version 21680 almost year apps  "}
{"_id":{"$oid":"573874cfcad4a57455872c5b"},"text":" dont download twitterbbmwhatsappoperamini thats  "}
{"_id":{"$oid":"573874cfcad4a57455872c5c"},"text":" whatsapp app – whatsapp video call feature spot version 21680 almost year apps  "}
{"_id":{"$oid":"573874cfcad4a57455872c5d"},"text":" whatsapp app – whatsapp video call feature spot version 21680 almost year apps  "}
{"_id":{"$oid":"573874cfcad4a57455872c5e"},"text":" whatsapp app – whatsapp video call feature spot version 21680 almost year apps  "}
{"_id":{"$oid":"573874cfcad4a57455872c5f"},"text":" global network possibility join list whatsapp  "}
{"_id":{"$oid":"573874cfcad4a57455872c60"},"text":" whatsapp app – whatsapp video call feature spot version 21680 almost year apps  "}
{"_id":{"$oid":"573874cfcad4a57455872c62"},"text":" think click dp whatsapp  "}
{"_id":{"$oid":"573874cfcad4a57455872c63"},"text":" see someone whatsapp dp🌚❤️  "}
{"_id":{"$oid":"573874cfcad4a57455872c64"},"text":" lmfao 😂 "}
{"_id":{"$oid":"573874cfcad4a57455872c65"},"text":" hi extra 200 mb add whatsapp bundle make 12 gb xd  "}
{"_id":{"$oid":"573874cfcad4a57455872c6e"},"text":" face face  "}
{"_id":{"$oid":"573874cfcad4a57455872c71"},"text":" sell u photo whatsapp 420604336612 ghana boob tit  "}
{"_id":{"$oid":"573874cfcad4a57455872c74"},"text":" see whatsapp fellow nigerian time face reality  "}
{"_id":{"$oid":"573874cfcad4a57455872c75"},"text":" tech techno technology article blog howto howtogeeek dostkamessage  "}
{"_id":{"$oid":"573874cfcad4a57455872c79"},"text":" see whatsapp fellow nigerian time face reality  "}
{"_id":{"$oid":"573874cfcad4a57455872c7b"},"text":" whatsapp desktop launch document share feature heres use tech time  "}
{"_id":{"$oid":"573874cfcad4a57455872c7d"},"text":" whatsapp native desktop app window mac arrive trend motivation tsu  "}
{"_id":{"$oid":"573874cfcad4a57455872c7f"},"text":" facebook whatsapp might next apple encryption  "}
{"_id":{"$oid":"573874cfcad4a57455872c82"},"text":" va whatsapp vie  "}
{"_id":{"$oid":"573874cfcad4a57455872c86"},"text":" check whatsapp theyre typing  "}
{"_id":{"$oid":"573874cfcad4a57455872c89"},"text":" ey yow whatsapp  "}
{"_id":{"$oid":"573874cfcad4a57455872c8a"},"text":" see whatsapp fellow nigerian time face reality  "}
{"_id":{"$oid":"573874cfcad4a57455872c8c"},"text":" reply whatsapp pls  "}
{"_id":{"$oid":"573874cfcad4a57455872c8d"},"text":" rt whatsapp native desktop app window mac arrive  "}
{"_id":{"$oid":"573874cfcad4a57455872c8e"},"text":" frontier ghana communication authority consider proposal ban whatsapp skype amp viber call  "}
{"_id":{"$oid":"573874cfcad4a57455872c90"},"text":" see whatsapp fellow nigerian time face reality  "}
{"_id":{"$oid":"573874cfcad4a57455872c93"},"text":" see whatsapp fellow nigerian time face reality  "}
{"_id":{"$oid":"573874cfcad4a57455872c98"},"text":" va whatsapp vie  "}
{"_id":{"$oid":"573874cfcad4a57455872c99"},"text":" whatsapp block brazil judge seek data brazil brazil  "}
{"_id":{"$oid":"573874cfcad4a57455872c9c"},"text":" siparis whatsapp 0532 236 52 14  "}
{"_id":{"$oid":"573874cfcad4a57455872ca0"},"text":" family whatsapp group truly something behold  "}
{"_id":{"$oid":"573874cfcad4a57455872ca2"},"text":" tissot prc200 couple watch sepasang rm370 sm rm375 whatsapp student price info ★brand…  "}
{"_id":{"$oid":"573874cfcad4a57455872ca4"},"text":" see whatsapp fellow nigerian time face reality  "}
{"_id":{"$oid":"573874cfcad4a57455872ca9"},"text":" see whatsapp fellow nigerian time face reality  "}
{"_id":{"$oid":"573874cfcad4a57455872cab"},"text":" 😁whatsapp test videobelfunctie via  "}
{"_id":{"$oid":"573874cfcad4a57455872cac"},"text":" see whatsapp fellow nigerian time face reality  "}
{"_id":{"$oid":"573874cfcad4a57455872cad"},"text":" whatsapp dont want take responsibility phone bill  "}
{"_id":{"$oid":"573874cfcad4a57455872cae"},"text":" infocom mobilewhatsapp 083114143444081239940788 paket tour 10 hour 40 usd  "}
{"_id":{"$oid":"573874cfcad4a57455872caf"},"text":" whatsapp app – whatsapp video call feature spot version 21680 almost year pass since… apps  "}
{"_id":{"$oid":"573874cfcad4a57455872cb0"},"text":" whatsapp app – whatsapp video call feature spot version 21680 almost year pass since… apps  "}
{"_id":{"$oid":"573874cfcad4a57455872cb1"},"text":" whatsapp app – whatsapp video call feature spot version 21680 almost year pass since… apps  "}
{"_id":{"$oid":"573874cfcad4a57455872cb2"},"text":" whatsapp app – whatsapp video call feature spot version 21680 almost year pass since… apps  "}
{"_id":{"$oid":"573874cfcad4a57455872cb3"},"text":" whatsapp app – whatsapp video call feature spot version 21680 almost year pass since… apps  "}
{"_id":{"$oid":"573874cfcad4a57455872cb4"},"text":" whatsapp app – whatsapp video call feature spot version 21680 almost year pass since… apps  "}
{"_id":{"$oid":"573874cfcad4a57455872cb5"},"text":" whatsapp app – whatsapp video call feature spot version 21680 almost year pass since… apps  "}
{"_id":{"$oid":"573874cfcad4a57455872cbd"},"text":" whatsapp app – whatsapp video call feature spot version 21680 almost year pass since… apps  "}
{"_id":{"$oid":"573874d0cad4a57455872cbe"},"text":" whatsapp app – whatsapp video call feature spot version 21680 almost year pass since… apps  "}
{"_id":{"$oid":"573874d0cad4a57455872cbf"},"text":" whatsapp app – whatsapp video call feature spot version 21680 almost year pass since… apps  "}
{"_id":{"$oid":"573874d0cad4a57455872cc0"},"text":" whatsapp app – whatsapp video call feature spot version 21680 almost year pass since… apps  "}
{"_id":{"$oid":"573874d0cad4a57455872cc1"},"text":" whatsapp app – whatsapp video call feature spot version 21680 almost year pass since… apps  "}
{"_id":{"$oid":"573874d0cad4a57455872cc4"},"text":" whatsapp app – whatsapp video call feature spot version 21680 almost year pass since… apps  "}
{"_id":{"$oid":"573874d0cad4a57455872cc9"},"text":" fate relationship decide girl whatsapp group  "}
{"_id":{"$oid":"573874d0cad4a57455872cca"},"text":" here’s use two whatsapp number one phone  "}
{"_id":{"$oid":"573874d0cad4a57455872ccb"},"text":" tissot prc200 couple watch sepasang rm370 sm rm375 whatsapp student price info ★brand…  "}
{"_id":{"$oid":"573874d0cad4a57455872ccc"},"text":" ten whatsapp  "}
{"_id":{"$oid":"573874d0cad4a57455872cce"},"text":" always take whatsapp notification  "}
{"_id":{"$oid":"573874d0cad4a57455872cd0"},"text":" ten whatsapp  "}
{"_id":{"$oid":"573874d0cad4a57455872cd2"},"text":" mira whatsapp  "}
{"_id":{"$oid":"573874d0cad4a57455872cd4"},"text":" see whatsapp fellow nigerian time face reality  "}
{"_id":{"$oid":"573874d0cad4a57455872cd6"},"text":" iphoneclub app gemist whatsapp desktop facebook moment fox sport en meer wat waren de pop iphoneclub  "}
{"_id":{"$oid":"573874d0cad4a57455872cdb"},"text":" please start trend namodevelopingindia modus operandi whatsapp …  "}
{"_id":{"$oid":"573874d0cad4a57455872cdc"},"text":" whatsapp test video call feature  "}
{"_id":{"$oid":"573874d0cad4a57455872cdd"},"text":" see whatsapp fellow nigerian time face reality  "}
{"_id":{"$oid":"573874d0cad4a57455872cde"},"text":" see whatsapp fellow nigerian time face reality  "}
{"_id":{"$oid":"573874d0cad4a57455872ce2"},"text":" whatsapp  "}
{"_id":{"$oid":"573874d0cad4a57455872ce3"},"text":" check whatsapp messenger smartphone download today  "}
{"_id":{"$oid":"573874d0cad4a57455872ce4"},"text":" see whatsapp fellow nigerian time face reality  "}
{"_id":{"$oid":"573874d0cad4a57455872ce6"},"text":" see whatsapp fellow nigerian time face reality  "}
{"_id":{"$oid":"573874d0cad4a57455872cea"},"text":" frontier ghana communication authority consider proposal ban whatsapp skype amp viber call …  "}
{"_id":{"$oid":"573874d0cad4a57455872cec"},"text":" infocom mobilewhatsapp 083114143444081239940788 paket tour 10…  "}
{"_id":{"$oid":"573874d0cad4a57455872ced"},"text":" see whatsapp fellow nigerian time face reality  "}
{"_id":{"$oid":"573874d0cad4a57455872cee"},"text":" whatsapp desktop launch document share feature heres use tech time  "}
{"_id":{"$oid":"573874d0cad4a57455872cf2"},"text":" whatsapp native desktop app window mac arrive via rtechnology tech news  "}
{"_id":{"$oid":"573874d0cad4a57455872cf3"},"text":" 90 something  "}
{"_id":{"$oid":"573874d0cad4a57455872cf4"},"text":" blue tick whatsapp nothing want reply message go ahead dont bye 💆🏻  "}
{"_id":{"$oid":"573874d0cad4a57455872cf5"},"text":" see whatsapp fellow nigerian time face reality  "}
{"_id":{"$oid":"573874d0cad4a57455872cf9"},"text":" log whatsapp  "}
{"_id":{"$oid":"573874d0cad4a57455872cfa"},"text":" add video playlist video call whatsapp activate  "}
{"_id":{"$oid":"573874d0cad4a57455872cfc"},"text":" hahahajokes marzoli whatsapp group  "}
{"_id":{"$oid":"573874d0cad4a57455872cfd"},"text":" see someone whatsapp dp🌚❤️  "}
{"_id":{"$oid":"573874d0cad4a57455872cff"},"text":" uganda block facebook twitter whatsapp president swear 5th term redessociales socialmedia …  "}
{"_id":{"$oid":"573874d0cad4a57455872d01"},"text":" whatsapp native desktop app window mac arrive  "}
{"_id":{"$oid":"573874d0cad4a57455872d05"},"text":" emojis include icon msn use whatsapp please 🏼 🙏 "}
{"_id":{"$oid":"573874d0cad4a57455872d06"},"text":" reality  "}
{"_id":{"$oid":"573874d0cad4a57455872d08"},"text":" ten whatsapp  "}
{"_id":{"$oid":"573874d0cad4a57455872d0e"},"text":" instock snoader red idr 155000 order line whatsapp 082323212222  "}
{"_id":{"$oid":"573874d0cad4a57455872d16"},"text":" whatsapp  "}
{"_id":{"$oid":"573874d0cad4a57455872d1a"},"text":" phool chandra tiwari follow interest whatsapp messenger  "}
{"_id":{"$oid":"573874d0cad4a57455872d1c"},"text":" ten whatsapp  "}
{"_id":{"$oid":"573874d0cad4a57455872d1d"},"text":" never think i’d say this… i’m consider whatsapp  "}
{"_id":{"$oid":"573874d0cad4a57455872d1e"},"text":" whatsapp para windows mac  "}
{"_id":{"$oid":"573874d0cad4a57455872d20"},"text":" bbc financial time guardian amp vogue use whatsapp via digitalmarketi…  "}
{"_id":{"$oid":"573874d0cad4a57455872d23"},"text":" group whatsapp post pick  "}
{"_id":{"$oid":"573874d0cad4a57455872d25"},"text":" see someone whatsapp dp🌚❤️  "}
{"_id":{"$oid":"573874d0cad4a57455872d26"},"text":" whatsapp gc carmen get call  "}
{"_id":{"$oid":"573874d0cad4a57455872d27"},"text":" friend get guy yday amp go tell sister whatsappshe send family groupchat mum etc … 😂 😩 "}
{"_id":{"$oid":"573874d0cad4a57455872d29"},"text":" see whatsapp fellow nigerian time face reality  "}
{"_id":{"$oid":"573874d0cad4a57455872d2a"},"text":" go hey number please ya whatsapp 🙈👀  "}
{"_id":{"$oid":"573874d0cad4a57455872d2b"},"text":" meanwhile back whatsapp 😂 "}
{"_id":{"$oid":"573874d0cad4a57455872d31"},"text":" see someone whatsapp dp🌚❤️  "}
{"_id":{"$oid":"573874d0cad4a57455872d32"},"text":" whatsapp gc carmen get call  "}
{"_id":{"$oid":"573874d0cad4a57455872d33"},"text":" bbc financial time guardian amp vogue use whatsapp via digitalmarketi…  "}
{"_id":{"$oid":"573874d0cad4a57455872d35"},"text":" whatsapp beta android finally intros document exchange  "}
{"_id":{"$oid":"573874d0cad4a57455872d3c"},"text":" ten whatsapp  "}
{"_id":{"$oid":"573874d0cad4a57455872d3d"},"text":" see someone whatsapp dp🌚❤️  "}
{"_id":{"$oid":"573874d0cad4a57455872d40"},"text":" uhm dont know whatsapp  "}
{"_id":{"$oid":"573874d0cad4a57455872d41"},"text":" see someone whatsapp dp🌚❤️  "}
{"_id":{"$oid":"573874d0cad4a57455872d43"},"text":" see whatsapp fellow nigerian time face reality  "}
{"_id":{"$oid":"573874d0cad4a57455872d44"},"text":" ten whatsapp  "}
{"_id":{"$oid":"573874d0cad4a57455872d47"},"text":" y3ni mafesh whatsapp eshta gdn 😖 😂 "}
{"_id":{"$oid":"573874d0cad4a57455872d49"},"text":" ten whatsapp  "}
{"_id":{"$oid":"573874d0cad4a57455872d4d"},"text":" look job p pl call whatsapp 919987838862  "}
{"_id":{"$oid":"573874d0cad4a57455872d4e"},"text":" ten whatsapp  "}
{"_id":{"$oid":"573874d0cad4a57455872d4f"},"text":" ten whatsapp  "}
{"_id":{"$oid":"573874d0cad4a57455872d51"},"text":" uganda block facebook twitter whatsapp president swear 5th term redessociales socialmedia …  "}
{"_id":{"$oid":"573874d0cad4a57455872d52"},"text":" reality  "}
{"_id":{"$oid":"573874d0cad4a57455872d53"},"text":" whatsapp desktop app window mac  "}
{"_id":{"$oid":"573874d0cad4a57455872d54"},"text":" see whatsapp fellow nigerian time face reality  "}
{"_id":{"$oid":"573874d0cad4a57455872d57"},"text":" whatsapp number 09971353742  "}
{"_id":{"$oid":"573874d0cad4a57455872d58"},"text":" meu whatsapp 021 992416768  "}
{"_id":{"$oid":"573874d0cad4a57455872d5a"},"text":" captura de whatsapp —  "}
{"_id":{"$oid":"573874d0cad4a57455872d5c"},"text":" see whatsapp fellow nigerian time face reality  "}
{"_id":{"$oid":"573874d0cad4a57455872d5e"},"text":" ten whatsapp  "}
{"_id":{"$oid":"573874d0cad4a57455872d60"},"text":" see whatsapp fellow nigerian time face reality  "}
{"_id":{"$oid":"573874d0cad4a57455872d61"},"text":" yawa dey bro tlk whatsapp  "}
{"_id":{"$oid":"573874d0cad4a57455872d67"},"text":" whatsapp test videobelfunctie  "}
{"_id":{"$oid":"573874d0cad4a57455872d69"},"text":" ten whatsapp  "}
{"_id":{"$oid":"573874d0cad4a57455872d6a"},"text":" block whatsapp library wifi cc  "}
{"_id":{"$oid":"573874d0cad4a57455872d6c"},"text":" join whatsapp group participate leeminho birthday project 2016 amp donate charity event …  "}
{"_id":{"$oid":"573874d0cad4a57455872d6d"},"text":" cawhatsapp pls  "}
{"_id":{"$oid":"573874d0cad4a57455872d70"},"text":" hi nak let go two whatsapp 0179936938 detail help me😊💓  "}
{"_id":{"$oid":"573874d0cad4a57455872d71"},"text":" family whatsapp group truly something behold  "}
{"_id":{"$oid":"573874d0cad4a57455872d72"},"text":" example buharists spread suffering portion message glory pmb h…  "}
{"_id":{"$oid":"573874d0cad4a57455872d78"},"text":" year predominantly mobile existence whatsapp launch native desktop app …  "}
{"_id":{"$oid":"573874d0cad4a57455872d7a"},"text":" check whatsapp messenger smartphone download today  "}
{"_id":{"$oid":"573874d0cad4a57455872d7c"},"text":" ten whatsapp  "}
{"_id":{"$oid":"573874d0cad4a57455872d7e"},"text":" whatsapp lad  "}
{"_id":{"$oid":"573874d0cad4a57455872d7f"},"text":" whatsapp call boo  "}
{"_id":{"$oid":"573874d0cad4a57455872d81"},"text":" ya ni ando en whatsapp  "}
{"_id":{"$oid":"573874d0cad4a57455872d83"},"text":" see whatsapp fellow nigerian time face reality  "}
{"_id":{"$oid":"573874d0cad4a57455872d87"},"text":" whatsapp desktop app  "}
{"_id":{"$oid":"573874d0cad4a57455872d8c"},"text":" whatsapp test video call feature via  "}
{"_id":{"$oid":"573874d0cad4a57455872d8d"},"text":" check ur whatsapp  "}
{"_id":{"$oid":"573874d0cad4a57455872d8e"},"text":" viola dress🌹2helai rm80 whatsapp 0199470213📢  "}
{"_id":{"$oid":"573874d0cad4a57455872d90"},"text":" year predominantly mobile existence whatsapp launch native desktop app …  "}
{"_id":{"$oid":"573874d0cad4a57455872d91"},"text":" see whatsapp fellow nigerian time face reality  "}
{"_id":{"$oid":"573874d0cad4a57455872d92"},"text":" see someone whatsapp dp🌚❤️  "}
{"_id":{"$oid":"573874d0cad4a57455872d94"},"text":" viola dress🌹2helai rm80 whatsapp 0199470213📢 …  "}
{"_id":{"$oid":"573874d0cad4a57455872d95"},"text":" family whatsapp group truly something behold  "}
{"_id":{"$oid":"573874d0cad4a57455872d96"},"text":" hyderabad city police team whatsapp  "}
{"_id":{"$oid":"573874d0cad4a57455872d98"},"text":" see whatsapp fellow nigerian time face reality  "}
{"_id":{"$oid":"573874d0cad4a57455872d9b"},"text":" whatsapp launch native desktop app window mac  "}
{"_id":{"$oid":"573874d0cad4a57455872d9c"},"text":" turn whatsapps notifications😣😣😣  "}
{"_id":{"$oid":"573874d0cad4a57455872d9e"},"text":" people yeah saturday night let watch movie engineer yar tu ne assignment bna li ho tou pic le kr muje…  "}
{"_id":{"$oid":"573874d0cad4a57455872da0"},"text":" see whatsapp fellow nigerian time face reality  "}
{"_id":{"$oid":"573874d0cad4a57455872da1"},"text":" whatsapp also  "}
{"_id":{"$oid":"573874d0cad4a57455872da2"},"text":" check whatsapp  "}
{"_id":{"$oid":"573874d0cad4a57455872da3"},"text":" whatsapp  "}
{"_id":{"$oid":"573874d0cad4a57455872da4"},"text":" see someone whatsapp dp🌚❤️  "}
{"_id":{"$oid":"573874d0cad4a57455872da5"},"text":" whatsapp add video call beta version  "}
{"_id":{"$oid":"573874d0cad4a57455872da6"},"text":" whatsapp app – whatsapp video call feature spot version 21680 almost year apps  "}
{"_id":{"$oid":"573874d0cad4a57455872dab"},"text":" see whatsapp fellow nigerian time face reality  "}
{"_id":{"$oid":"573874d0cad4a57455872dad"},"text":" polly dubai escort 6281237787378 whatsapp  "}
{"_id":{"$oid":"573874d0cad4a57455872dae"},"text":" see someone whatsapp dp🌚❤️  "}
{"_id":{"$oid":"573874d0cad4a57455872db1"},"text":" yhap  "}
{"_id":{"$oid":"573874d0cad4a57455872db2"},"text":" see whatsapp fellow nigerian time face reality  "}
{"_id":{"$oid":"573874d0cad4a57455872db3"},"text":" aunty 50 whatsapp status hahahahah  "}
{"_id":{"$oid":"573874d0cad4a57455872db5"},"text":" see whatsapp fellow nigerian time face reality  "}
{"_id":{"$oid":"573874d0cad4a57455872db6"},"text":" see whatsapp fellow nigerian time face reality  "}
{"_id":{"$oid":"573874d0cad4a57455872dba"},"text":" please attend whatsapp 😒😒😒😒😒😒  "}
{"_id":{"$oid":"573874d0cad4a57455872dbc"},"text":" oh whatsapp desktop x window signal desktop  "}
{"_id":{"$oid":"573874d0cad4a57455872dbe"},"text":" yeah im use whatsapp  "}
{"_id":{"$oid":"573874d0cad4a57455872dbf"},"text":" see whatsapp fellow nigerian time face reality  "}
{"_id":{"$oid":"573874d0cad4a57455872dc3"},"text":" party status party quote whatsapp facebook message  "}
{"_id":{"$oid":"573874d0cad4a57455872dc5"},"text":" dm whatsapp number email  "}
{"_id":{"$oid":"573874d0cad4a57455872dc6"},"text":" whatsapp  "}
{"_id":{"$oid":"573874d0cad4a57455872dc9"},"text":" whatsapp remove blackberry 10 window phone 71 whatsapp  "}
{"_id":{"$oid":"573874d0cad4a57455872dcb"},"text":" sell u photo whatsapp 420604336612 guinea boob tit  "}
{"_id":{"$oid":"573874d0cad4a57455872dcd"},"text":" whatsapp drop subscription fee whatsapp whatsapp  "}
{"_id":{"$oid":"573874d0cad4a57455872dce"},"text":" see whatsapp fellow nigerian time face reality  "}
{"_id":{"$oid":"573874d0cad4a57455872dcf"},"text":" see whatsapp fellow nigerian time face reality  "}
{"_id":{"$oid":"573874d0cad4a57455872dd1"},"text":" whatsapp download  "}
{"_id":{"$oid":"573874d0cad4a57455872dd3"},"text":" see whatsapp fellow nigerian time face reality  "}
{"_id":{"$oid":"573874d0cad4a57455872dd4"},"text":" see whatsapp fellow nigerian time face reality  "}
{"_id":{"$oid":"573874d0cad4a57455872dd7"},"text":" whatsapp tak repl 😒  "}
{"_id":{"$oid":"573874d0cad4a57455872dd8"},"text":" ten whatsapp  "}
{"_id":{"$oid":"573874d0cad4a57455872dd9"},"text":" watch trev send whatsapp  "}
{"_id":{"$oid":"573874d0cad4a57455872dda"},"text":" whatsapp 58 4242207263 📲 ⠀ 💵 precio 21000 bolivar 📲…  "}
{"_id":{"$oid":"573874d0cad4a57455872dde"},"text":" whatsapp official desktop app window mac via  "}
{"_id":{"$oid":"573874d0cad4a57455872ddf"},"text":" toolsandtips apple ipad iphone get whatsapp ipad without jailbreak  "}
{"_id":{"$oid":"573874d0cad4a57455872de0"},"text":" see whatsapp fellow nigerian time face reality  "}
{"_id":{"$oid":"573874d0cad4a57455872de1"},"text":" face face  "}
{"_id":{"$oid":"573874d0cad4a57455872de3"},"text":" see whatsapp fellow nigerian time face reality  "}
{"_id":{"$oid":"573874d0cad4a57455872de4"},"text":" app gemist whatsapp desktop facebook moment fox sport en meer  "}
{"_id":{"$oid":"573874d0cad4a57455872de5"},"text":" whatsapp  "}
{"_id":{"$oid":"573874d0cad4a57455872de7"},"text":" whatsapp 58 4242207263 📲 ⠀ 💵 precio 21000 bolivar 📲…  "}
{"_id":{"$oid":"573874d0cad4a57455872de8"},"text":" hi nak let go two whatsapp 0179936938 detail help me😊💓  "}
{"_id":{"$oid":"573874d0cad4a57455872dea"},"text":" hi add ur whatsapp group amaaaazing music  "}
{"_id":{"$oid":"573874d0cad4a57455872def"},"text":" check whatsapp messenger smartphone download today  "}
{"_id":{"$oid":"573874d0cad4a57455872df3"},"text":" people pls help share scammer chiwira kiwera whatsapp 254 721628606 twitter apple gsx regginah …  "}
{"_id":{"$oid":"573874d0cad4a57455872df7"},"text":" whatsapp 58 4242207263 📲 ⠀ 💵 precio 21000 bolivar 📲…  "}
{"_id":{"$oid":"573874d0cad4a57455872df8"},"text":" see whatsapp fellow nigerian time face reality  "}
{"_id":{"$oid":"573874d0cad4a57455872df9"},"text":" see whatsapp fellow nigerian time face reality  "}
{"_id":{"$oid":"573874d0cad4a57455872dfa"},"text":" awon table 8 1 million naira  "}
{"_id":{"$oid":"573874d0cad4a57455872dfb"},"text":" see whatsapp fellow nigerian time face reality  "}
{"_id":{"$oid":"573874d0cad4a57455872dfd"},"text":" ten whatsapp  "}
{"_id":{"$oid":"573874d0cad4a57455872dfe"},"text":" 🙌🙌🙌🙌🙌this answer thou 😂 😭 "}
{"_id":{"$oid":"573874d0cad4a57455872dff"},"text":" whatsapp 58 4242207263 📲 ⠀ 💵 precio 21000 bolivar 📲…  "}
{"_id":{"$oid":"573874d0cad4a57455872e00"},"text":" dm email address whatsapp number  "}
{"_id":{"$oid":"573874d0cad4a57455872e02"},"text":" see whatsapp fellow nigerian time face reality  "}
{"_id":{"$oid":"573874d0cad4a57455872e04"},"text":" whatsapp desktop ecco cosa non va techpointit  "}
{"_id":{"$oid":"573874d0cad4a57455872e09"},"text":" see whatsapp fellow nigerian time face reality  "}
{"_id":{"$oid":"573874d0cad4a57455872e0a"},"text":" whatsapp  "}
{"_id":{"$oid":"573874d0cad4a57455872e0b"},"text":" matsui ink foot make design whatsapp 6285777795552 bbm 5416d7e9 line…  "}
{"_id":{"$oid":"573874d0cad4a57455872e0e"},"text":" use whatsapp desktop mac read  "}
{"_id":{"$oid":"573874d0cad4a57455872e11"},"text":" whatsapp 58 4242207263 📲 ⠀ 💵 precio 21000 bolivar 📲…  "}
{"_id":{"$oid":"573874d0cad4a57455872e12"},"text":" see whatsapp fellow nigerian time face reality  "}
{"_id":{"$oid":"573874d0cad4a57455872e13"},"text":" patutlah whatsapp gambar lain pastu leave grup 5 science😒  "}
{"_id":{"$oid":"573874d0cad4a57455872e14"},"text":" people pls help share scammer chiwira kiwera whatsapp 254 721628606 twitter apple gsx regginah …  "}
{"_id":{"$oid":"573874d0cad4a57455872e15"},"text":" aw change el whatsapp icon maslan🤗  "}
{"_id":{"$oid":"573874d0cad4a57455872e17"},"text":" whatsapp la  "}
{"_id":{"$oid":"573874d0cad4a57455872e18"},"text":" see whatsapp fellow nigerian time face reality  "}
{"_id":{"$oid":"573874d0cad4a57455872e19"},"text":" aburro hablen al whatsapp 01140697285 😍 "}
{"_id":{"$oid":"573874d0cad4a57455872e1a"},"text":" aburro hablen al whatsapp 01140697285 😍 "}
{"_id":{"$oid":"573874d0cad4a57455872e1b"},"text":" viola dress🌹2helai rm80 whatsapp 0199470213📢 …  "}
{"_id":{"$oid":"573874d0cad4a57455872e1c"},"text":" aburro hablen al whatsapp 01140697285 😍 "}
{"_id":{"$oid":"573874d0cad4a57455872e1d"},"text":" aburro hablen al whatsapp 01140697285 😍 "}
{"_id":{"$oid":"573874d0cad4a57455872e1e"},"text":" aburro hablen al whatsapp 01140697285 😍 "}
{"_id":{"$oid":"573874d0cad4a57455872e1f"},"text":" aburro hablen al whatsapp 01140697285 😍 "}
{"_id":{"$oid":"573874d0cad4a57455872e20"},"text":" aburro hablen al whatsapp 01140697285 😍 "}
{"_id":{"$oid":"573874d0cad4a57455872e21"},"text":" aburro hablen al whatsapp 01140697285 😍 "}
{"_id":{"$oid":"573874d0cad4a57455872e22"},"text":" aburro hablen al whatsapp 01140697285 😍 "}
{"_id":{"$oid":"573874d0cad4a57455872e23"},"text":" aburro hablen al whatsapp 01140697285 😍 "}
{"_id":{"$oid":"573874d0cad4a57455872e24"},"text":" aburro hablen al whatsapp 01140697285 😍 "}
{"_id":{"$oid":"573874d0cad4a57455872e25"},"text":" aburro hablen al whatsapp 01140697285 😍 "}
{"_id":{"$oid":"573874d0cad4a57455872e26"},"text":" aburro hablen al whatsapp 01140697285 😍 "}
{"_id":{"$oid":"573874d0cad4a57455872e27"},"text":" aburro hablen al whatsapp 01140697285 😍 "}
{"_id":{"$oid":"573874d0cad4a57455872e28"},"text":" aburro hablen al whatsapp 01140697285 😍 "}
{"_id":{"$oid":"573874d0cad4a57455872e29"},"text":" aburro hablen al whatsapp 01140697285 😍 "}
{"_id":{"$oid":"573874d0cad4a57455872e2a"},"text":" aburro hablen al whatsapp 01140697285 😍 "}
{"_id":{"$oid":"573874d0cad4a57455872e2b"},"text":" aburro hablen al whatsapp 01140697285 😍 "}
{"_id":{"$oid":"573874d0cad4a57455872e2c"},"text":" aburro hablen al whatsapp 01140697285 😍 "}
{"_id":{"$oid":"573874d0cad4a57455872e2d"},"text":" aburro hablen al whatsapp 01140697285 😍 "}
{"_id":{"$oid":"573874d0cad4a57455872e2e"},"text":" aburro hablen al whatsapp 01140697285 😍 "}
{"_id":{"$oid":"573874d0cad4a57455872e2f"},"text":" aburro hablen al whatsapp 01140697285 😍 "}
{"_id":{"$oid":"573874d0cad4a57455872e30"},"text":" aburro hablen al whatsapp 01140697285 😍 "}
{"_id":{"$oid":"573874d0cad4a57455872e31"},"text":" packed foot make design whatsapp 6285777795552 bbm 5416d7e9 line…  "}
{"_id":{"$oid":"573874d0cad4a57455872e32"},"text":" see whatsapp fellow nigerian time face reality  "}
{"_id":{"$oid":"573874d0cad4a57455872e33"},"text":" hi nak let go two whatsapp 0179936938 detail help me😊💓  "}
{"_id":{"$oid":"573874d0cad4a57455872e34"},"text":" ✅jersi ragbi gred aaa ✅size sxxl ✅rm60 postage rm7 ✅whatsapp 60103961996 rt please 🏻 … 🙏 "}
{"_id":{"$oid":"573874d0cad4a57455872e35"},"text":" see whatsapp fellow nigerian time face reality  "}
{"_id":{"$oid":"573874d0cad4a57455872e39"},"text":" wish xiaomi would treat whatsapp realtime app  "}
{"_id":{"$oid":"573874d0cad4a57455872e3b"},"text":" see whatsapp fellow nigerian time face reality  "}
{"_id":{"$oid":"573874d0cad4a57455872e3f"},"text":" someone save video whatsapp cough cough pleeeeeease 😂 😩 "}
{"_id":{"$oid":"573874d0cad4a57455872e40"},"text":" whatsapp 58 4242207263 📲 ⠀ 💵 precio 21000 bolivar 📲…  "}
{"_id":{"$oid":"573874d0cad4a57455872e43"},"text":" see whatsapp fellow nigerian time face reality  "}
{"_id":{"$oid":"573874d0cad4a57455872e46"},"text":" aburro hablen al whatsapp 01140697285 😍 "}
{"_id":{"$oid":"573874d0cad4a57455872e47"},"text":" still xleh tkaq wallpaper whatsapp  "}
{"_id":{"$oid":"573874d0cad4a57455872e49"},"text":" delete 1000 photo use whatsapp get airtime😊  "}
{"_id":{"$oid":"573874d0cad4a57455872e4c"},"text":" see whatsapp fellow nigerian time face reality  "}
{"_id":{"$oid":"573874d0cad4a57455872e4d"},"text":" see whatsapp fellow nigerian time face reality  "}
{"_id":{"$oid":"573874d0cad4a57455872e4f"},"text":" whatsapp test videobelfunctie tech  "}
{"_id":{"$oid":"573874d0cad4a57455872e50"},"text":" bell sleeve blouse order via whatsapp 00971565630020 instafashion insatalook…  "}
{"_id":{"$oid":"573874d0cad4a57455872e51"},"text":" face face  "}
{"_id":{"$oid":"573874d0cad4a57455872e53"},"text":" person totally get 😢  "}
{"_id":{"$oid":"573874d0cad4a57455872e55"},"text":" awon table 8 1 million naira  "}
{"_id":{"$oid":"573874d0cad4a57455872e56"},"text":" umaimas collection place order whatsapp viber 923423366631  "}
{"_id":{"$oid":"573874d0cad4a57455872e5a"},"text":" horiston hotel pluit outcall job 6281288696100 call whatsapp  "}
{"_id":{"$oid":"573874d0cad4a57455872e5d"},"text":" whatsapp drop subscription fee whatsapp whatsapp  "}
{"_id":{"$oid":"573874d0cad4a57455872e61"},"text":" avail bo 6281288696100 call whatsapp outcall  "}
{"_id":{"$oid":"573874d0cad4a57455872e63"},"text":" kkkk jacob boy angry love whatsapp  "}
{"_id":{"$oid":"573874d0cad4a57455872e65"},"text":" save file cant forward whatsapp till save  "}
{"_id":{"$oid":"573874d0cad4a57455872e68"},"text":" instock phelwy misty idr 325000 order line whatsapp 082323212222  "}
{"_id":{"$oid":"573874d0cad4a57455872e6a"},"text":" market open tonight still time join whatsapp signal group collection 1500 pip  "}
{"_id":{"$oid":"573874d0cad4a57455872e6d"},"text":" check whatsapp messenger smartphone download today  "}
{"_id":{"$oid":"573874d0cad4a57455872e6e"},"text":" earthday status quote whatsapp facebook message  "}
{"_id":{"$oid":"573874d0cad4a57455872e70"},"text":" whatsapp gmail join 1 billion user milestone gmail become sixth google service cross 1 billion  "}
{"_id":{"$oid":"573874d0cad4a57455872e71"},"text":" whatsapp gmail join 1 billion user milestone gmail become sixth google service cross 1  "}
{"_id":{"$oid":"573874d0cad4a57455872e73"},"text":" see whatsapp fellow nigerian time face reality  "}
{"_id":{"$oid":"573874d0cad4a57455872e77"},"text":" see whatsapp fellow nigerian time face reality  "}
{"_id":{"$oid":"573874d0cad4a57455872e78"},"text":" hope mama reply whatsapp say yes 😩 "}
{"_id":{"$oid":"573874d0cad4a57455872e7b"},"text":" dm whatsapp u get  "}
{"_id":{"$oid":"573874d0cad4a57455872e7c"},"text":" im literally ever dad display picture  "}
{"_id":{"$oid":"573874d0cad4a57455872e7d"},"text":" face face  "}
{"_id":{"$oid":"573874d1cad4a57455872e7e"},"text":" ten whatsapp  "}
{"_id":{"$oid":"573874d1cad4a57455872e80"},"text":" family whatsapp group truly something behold  "}
{"_id":{"$oid":"573874d1cad4a57455872e81"},"text":" might open whatsapp today  "}
{"_id":{"$oid":"573874d1cad4a57455872e82"},"text":" whatsapp  "}
{"_id":{"$oid":"573874d1cad4a57455872e8a"},"text":" check whatsapp messenger smartphone download today  "}
{"_id":{"$oid":"573874d1cad4a57455872e8d"},"text":" whatsapp make jump desktop see messaging  "}
{"_id":{"$oid":"573874d1cad4a57455872e8e"},"text":" ix afternoon avaliable size xl idr 120000 info amp order smswhatsappline 085727581101 bbm 5bf634f1  "}
{"_id":{"$oid":"573874d1cad4a57455872e8f"},"text":" im literally ever dad display picture  "}
{"_id":{"$oid":"573874d1cad4a57455872e91"},"text":" father day status short quote whatsapp facebook message  "}
{"_id":{"$oid":"573874d1cad4a57455872e92"},"text":" yall phil send whatsapp  "}
{"_id":{"$oid":"573874d1cad4a57455872e94"},"text":" agree 😢 😂 "}
{"_id":{"$oid":"573874d1cad4a57455872e98"},"text":" ten whatsapp  "}
{"_id":{"$oid":"573874d1cad4a57455872e99"},"text":" app gemist whatsapp desktop facebook moment fox sport en meer  "}
{"_id":{"$oid":"573874d1cad4a57455872e9a"},"text":" want  "}
{"_id":{"$oid":"573874d1cad4a57455872e9c"},"text":" family whatsapp group truly something behold  "}
{"_id":{"$oid":"573874d1cad4a57455872e9e"},"text":" open member amp ps info whatsapp 087889355679  "}
{"_id":{"$oid":"573874d1cad4a57455872e9f"},"text":" spain pay 2 app whatsapp bastian roessler mac apple 3786  "}
{"_id":{"$oid":"573874d1cad4a57455872ea0"},"text":" ix brokenring avaliable size l idr 120000 info amp order smswhatsappline 085727581101 bbm 5bf634f1 line  "}
{"_id":{"$oid":"573874d1cad4a57455872ea3"},"text":" check ur whatsapp  "}
{"_id":{"$oid":"573874d1cad4a57455872ea4"},"text":" face face  "}
{"_id":{"$oid":"573874d1cad4a57455872ea5"},"text":" awon table 8 1 million naira  "}
{"_id":{"$oid":"573874d1cad4a57455872ea6"},"text":" see whatsapp fellow nigerian time face reality  "}
{"_id":{"$oid":"573874d1cad4a57455872ea7"},"text":" even lifetime people still call whatsup instead whatsapp 😞  "}
{"_id":{"$oid":"573874d1cad4a57455872ea9"},"text":" tryna whatsapp tweet time  "}
{"_id":{"$oid":"573874d1cad4a57455872eac"},"text":" whatsapp whatsapp developer offer endtoend encryption nokia phone neurogadget whatsapp news  "}
{"_id":{"$oid":"573874d1cad4a57455872ead"},"text":" viola dress🌹2helai rm80 whatsapp 0199470213📢 …  "}
{"_id":{"$oid":"573874d1cad4a57455872eae"},"text":" hi nak let go two whatsapp 0179936938 detail help me😊💓  "}
{"_id":{"$oid":"573874d1cad4a57455872eb1"},"text":" see someone whatsapp dp🌚❤️  "}
{"_id":{"$oid":"573874d1cad4a57455872eb2"},"text":" intro concierge party liaison amp network whatsapp447733968116  "}
{"_id":{"$oid":"573874d1cad4a57455872ebc"},"text":" hear soon video call whatsapp think  "}
{"_id":{"$oid":"573874d1cad4a57455872ebd"},"text":" hi nak let go two whatsapp 0179936938 detail help me😊💓  "}
{"_id":{"$oid":"573874d1cad4a57455872ebe"},"text":" area manager case power outagesms whatsapp ref get ref tk …  "}
{"_id":{"$oid":"573874d1cad4a57455872ec0"},"text":" see whatsapp fellow nigerian time face reality  "}
{"_id":{"$oid":"573874d1cad4a57455872ec4"},"text":" see whatsapp fellow nigerian time face reality  "}
{"_id":{"$oid":"573874d1cad4a57455872ec6"},"text":" hi nak let go two whatsapp 0179936938 detail help me😊💓  "}
{"_id":{"$oid":"573874d1cad4a57455872ec7"},"text":" download computer use whatsapp web simply store ur phone  "}
{"_id":{"$oid":"573874d1cad4a57455872eca"},"text":" see someone whatsapp dp🌚❤️  "}
{"_id":{"$oid":"573874d1cad4a57455872ecd"},"text":" whatsapp number 😂 "}
{"_id":{"$oid":"573874d1cad4a57455872ece"},"text":" end whatsapp chat fuckboy  "}
{"_id":{"$oid":"573874d1cad4a57455872ecf"},"text":" see whatsapp fellow nigerian time face reality  "}
{"_id":{"$oid":"573874d1cad4a57455872ed0"},"text":" check ur whatsapp send song  "}
{"_id":{"$oid":"573874d1cad4a57455872ed1"},"text":" whatsapp twitter wechat instagram repeat 😑  "}
{"_id":{"$oid":"573874d1cad4a57455872ed2"},"text":" ten whatsapp  "}
{"_id":{"$oid":"573874d1cad4a57455872ed6"},"text":" join whatsapp group participate leeminho birthday project 2016 amp donate charity event …  "}
{"_id":{"$oid":"573874d1cad4a57455872edc"},"text":" screen whatsapp — teh  "}
{"_id":{"$oid":"573874d1cad4a57455872edd"},"text":" screen whatsapp  "}
{"_id":{"$oid":"573874d1cad4a57455872ede"},"text":" current whatsapp dp 👏🏾 😂 "}
{"_id":{"$oid":"573874d1cad4a57455872edf"},"text":" via whatsapp chat group  "}
{"_id":{"$oid":"573874d1cad4a57455872ee5"},"text":" ix road avaliable size l xl idr 120000 info amp order smswhatsappline 085727581101 bbm 5bf634f1 line id  "}
{"_id":{"$oid":"573874d1cad4a57455872ee6"},"text":" im  "}
{"_id":{"$oid":"573874d1cad4a57455872ee8"},"text":" mark zuckerbergs mom beta facebook aur whatsapp pe dhyaan  "}
{"_id":{"$oid":"573874d1cad4a57455872ee9"},"text":" see whatsapp fellow nigerian time face reality  "}
{"_id":{"$oid":"573874d1cad4a57455872eec"},"text":" plan via whatsapp get  "}
{"_id":{"$oid":"573874d1cad4a57455872eee"},"text":" umaimas collection place order whatsapp viber 923423366631  "}
{"_id":{"$oid":"573874d1cad4a57455872ef1"},"text":" see whatsapp fellow nigerian time face reality  "}
{"_id":{"$oid":"573874d1cad4a57455872ef2"},"text":" save water slogan status short quote whatsapp facebook message  "}
{"_id":{"$oid":"573874d1cad4a57455872ef3"},"text":" hi nak let go two whatsapp 0179936938 detail help me😊💓  "}
{"_id":{"$oid":"573874d1cad4a57455872ef5"},"text":" people pls help share scammer chiwira kiwera whatsapp 254 721628606 twitter via  "}
{"_id":{"$oid":"573874d1cad4a57455872ef9"},"text":" see whatsapp fellow nigerian time face reality  "}
{"_id":{"$oid":"573874d1cad4a57455872efa"},"text":" umaimas collection place order whatsapp viber 923423366631  "}
{"_id":{"$oid":"573874d1cad4a57455872efc"},"text":" whatsapp block brazil judge seek data brazil brazil  "}
{"_id":{"$oid":"573874d1cad4a57455872f02"},"text":" think time delete whatsapp ngl  "}
{"_id":{"$oid":"573874d1cad4a57455872f03"},"text":" see whatsapp fellow nigerian time face reality  "}
{"_id":{"$oid":"573874d1cad4a57455872f05"},"text":" dm whatsapp u get  "}
{"_id":{"$oid":"573874d1cad4a57455872f08"},"text":" whatsapp en el pc via  "}
{"_id":{"$oid":"573874d1cad4a57455872f0e"},"text":" see whatsapp fellow nigerian time face reality  "}
{"_id":{"$oid":"573874d1cad4a57455872f12"},"text":" hi nak let go two whatsapp 0179936938 detail help me😊💓  "}
{"_id":{"$oid":"573874d1cad4a57455872f13"},"text":" ix footprint avaliable size lxl idr 120000 info amp order smswhatsappline 085727581101 bbm 5bf634f1  "}
{"_id":{"$oid":"573874d1cad4a57455872f14"},"text":" whatsapp  "}
{"_id":{"$oid":"573874d1cad4a57455872f17"},"text":" billion company didnt exist 2005 uber airbnb twitter snapchat instagram fitbit spotify dropbox whatsapp slack…  "}
{"_id":{"$oid":"573874d1cad4a57455872f19"},"text":" whatsapp home  "}
{"_id":{"$oid":"573874d1cad4a57455872f1b"},"text":" see whatsapp fellow nigerian time face reality  "}
{"_id":{"$oid":"573874d1cad4a57455872f1f"},"text":" adelaide batista arrazou atendimento 61 33952431 whatsapp 61 91916371  "}
{"_id":{"$oid":"573874d1cad4a57455872f20"},"text":" whatsapp home  "}
{"_id":{"$oid":"573874d1cad4a57455872f22"},"text":" see someone whatsapp dp🌚❤️  "}
{"_id":{"$oid":"573874d1cad4a57455872f25"},"text":" 5 tech news item week could make money 1 – whatsapp finally launch desktop ap macos  "}
{"_id":{"$oid":"573874d1cad4a57455872f2b"},"text":" hi nak let go two whatsapp 0179936938 detail help me😊💓  "}
{"_id":{"$oid":"573874d1cad4a57455872f2c"},"text":" cousin opp try charge £60 braid block family whatsapp 😴  "}
{"_id":{"$oid":"573874d1cad4a57455872f2d"},"text":" see whatsapp fellow nigerian time face reality  "}
{"_id":{"$oid":"573874d1cad4a57455872f2e"},"text":" hi nak let go two whatsapp 0179936938 detail help me😊💓  "}
{"_id":{"$oid":"573874d1cad4a57455872f2f"},"text":" see whatsapp fellow nigerian time face reality  "}
{"_id":{"$oid":"573874d1cad4a57455872f30"},"text":" sell u photo whatsapp 420604336612 guinea bissau boob tit  "}
{"_id":{"$oid":"573874d1cad4a57455872f31"},"text":" dm whatsapp u get  "}
{"_id":{"$oid":"573874d1cad4a57455872f33"},"text":" whatsapp arrive desktop window os x applite  "}
{"_id":{"$oid":"573874d1cad4a57455872f34"},"text":" bubble wideshawl rm 18 whatsapp 010‑212 6452  "}
{"_id":{"$oid":"573874d1cad4a57455872f36"},"text":" hi nak let go two whatsapp 0179936938 detail help me😊💓  "}
{"_id":{"$oid":"573874d1cad4a57455872f39"},"text":" whatsapp videocalling spot android beta release here’s download via  "}
{"_id":{"$oid":"573874d1cad4a57455872f3a"},"text":" bubble wideshawl rm 18 whatsapp 010‑212 6452  "}
{"_id":{"$oid":"573874d1cad4a57455872f3d"},"text":" im whatsapp amp wait x  "}
{"_id":{"$oid":"573874d1cad4a57455872f41"},"text":" beatrice … 380939393948whatsapp escorts…  "}
{"_id":{"$oid":"573874d1cad4a57455872f42"},"text":" see whatsapp fellow nigerian time face reality  "}
{"_id":{"$oid":"573874d1cad4a57455872f44"},"text":" rita 380939393948whatsapp … dubaicallgirls…  "}
{"_id":{"$oid":"573874d1cad4a57455872f48"},"text":" see whatsapp fellow nigerian time face reality  "}
{"_id":{"$oid":"573874d1cad4a57455872f49"},"text":" sooret el whatsapp 😭 😍 "}
{"_id":{"$oid":"573874d1cad4a57455872f4c"},"text":" 200 mb buy additional 50mb night finish send one whatsapp msg  "}
{"_id":{"$oid":"573874d1cad4a57455872f4e"},"text":" could share 😂 "}
{"_id":{"$oid":"573874d1cad4a57455872f58"},"text":" tem mensagem whatsapp  "}
{"_id":{"$oid":"573874d1cad4a57455872f5b"},"text":" whatsapp chat get delete 😊😊😊  "}
{"_id":{"$oid":"573874d1cad4a57455872f5c"},"text":" reaction one ask hihello r u r u r u fb ur whatsapp skyup id come dm 😬😬😬😬😬 …  "}
{"_id":{"$oid":"573874d1cad4a57455872f5d"},"text":" whatsapp laptop yes  "}
{"_id":{"$oid":"573874d1cad4a57455872f5e"},"text":" wait ipl match resume catch big tech story week  "}
{"_id":{"$oid":"573874d1cad4a57455872f5f"},"text":" see whatsapp fellow nigerian time face reality  "}
{"_id":{"$oid":"573874d1cad4a57455872f60"},"text":" im use stalky check contact recent status profile picture update whatsapp fouadraheb  "}
{"_id":{"$oid":"573874d1cad4a57455872f61"},"text":" see whatsapp fellow nigerian time face reality  "}
{"_id":{"$oid":"573874d1cad4a57455872f63"},"text":" whatsapp anybody󾌣  "}
{"_id":{"$oid":"573874d1cad4a57455872f64"},"text":" yassss get whatsapp let dae  "}
{"_id":{"$oid":"573874d1cad4a57455872f68"},"text":" wait ipl match resume catch big tech story week …  "}
